match_id,season,date,team1,team2,venue,city,toss_winner,toss_decision,winner,result,result_margin,total_runs,total_extras,total_wickets,total_overs,winner_encoded,match_id_encoded,team1_encoded,team2_encoded,venue_encoded,city_encoded,toss_winner_encoded,toss_decision_encoded,result_encoded
1,2008,2008-03-15,KTK,DC,Kolkata,Kolkata,KTK,field,KTK,normal,0,236,5,8,18,0,0,5,1,7,7,5,1,0
2,2008,2008-03-17,KKR,GT,Pune,Pune,GT,bat,KKR,normal,0,271,9,10,19,0,111,4,3,10,10,3,0,0
3,2008,2008-03-20,CSK,RCB,Jaipur,Jaipur,RCB,bat,RCB,normal,18,240,6,12,17,1,222,0,8,5,5,8,0,0
4,2008,2008-03-22,PBKS,GL,Delhi,Delhi,PBKS,field,PBKS,normal,0,250,16,7,19,0,333,7,2,3,3,7,1,0
5,2008,2008-03-25,RPS,GL,Mohali,Mohali,RPS,field,RPS,normal,46,293,8,12,19,0,444,9,2,8,8,9,1,0
6,2008,2008-03-27,MI,RR,Delhi,Delhi,RR,field,RR,normal,41,310,5,9,19,1,555,6,10,3,3,10,1,0
7,2008,2008-03-30,RPS,KTK,Chennai,Chennai,KTK,field,RPS,normal,35,231,7,8,19,0,597,9,5,2,2,5,1,0
8,2008,2008-04-01,KTK,GT,Kolkata,Kolkata,KTK,field,GT,normal,50,228,8,7,18,1,608,5,3,7,7,5,1,0
9,2008,2008-04-04,GL,PBKS,Kolkata,Kolkata,PBKS,bat,PBKS,normal,26,253,12,6,19,1,619,2,7,7,7,7,0,0
10,2008,2008-04-06,DC,GL,Jaipur,Jaipur,GL,bat,GL,normal,24,243,6,7,16,1,1,1,2,5,5,2,0,0
11,2008,2008-04-09,RCB,RPS,Bangalore,Bangalore,RPS,field,RPS,normal,3,270,8,10,19,1,12,8,9,1,1,9,1,0
12,2008,2008-04-11,CSK,RPS,Chennai,Chennai,RPS,field,RPS,normal,50,240,5,9,17,1,23,0,9,2,2,9,1,0
13,2008,2008-04-14,KTK,DC,Ahmedabad,Ahmedabad,DC,bat,KTK,normal,0,208,14,13,17,0,34,5,1,0,0,1,0,0
14,2008,2008-04-16,GT,KTK,Mumbai,Mumbai,KTK,field,KTK,normal,32,272,7,7,18,1,45,3,5,9,9,5,1,0
15,2008,2008-04-19,GL,MI,Chennai,Chennai,GL,field,MI,normal,5,263,15,7,19,1,56,2,6,2,2,2,1,0
16,2008,2008-04-21,GT,GL,Jaipur,Jaipur,GL,field,GT,normal,0,240,5,10,19,0,67,3,2,5,5,2,1,0
17,2008,2008-04-24,SRH,GT,Hyderabad,Hyderabad,GT,bat,SRH,normal,16,243,4,6,16,0,78,11,3,4,4,3,0,0
18,2008,2008-04-26,KKR,CSK,Chennai,Chennai,CSK,bat,KKR,normal,15,256,6,10,18,0,89,4,0,2,2,0,0,0
19,2008,2008-04-29,SRH,KKR,Ahmedabad,Ahmedabad,KKR,bat,SRH,normal,0,295,5,11,19,0,100,11,4,0,0,4,0,0
20,2008,2008-05-01,KKR,MI,Chennai,Chennai,MI,bat,MI,normal,14,311,8,10,19,1,112,4,6,2,2,6,0,0
21,2008,2008-05-04,MI,CSK,Jaipur,Jaipur,MI,field,CSK,normal,7,231,6,8,15,1,123,6,0,5,5,6,1,0
22,2008,2008-05-06,SRH,KKR,Chennai,Chennai,SRH,bat,KKR,normal,36,272,3,8,18,1,134,11,4,2,2,11,0,0
23,2008,2008-05-09,RCB,RR,Hyderabad,Hyderabad,RCB,field,RR,normal,14,268,14,12,18,1,145,8,10,4,4,8,1,0
24,2008,2008-05-11,SRH,DC,Jaipur,Jaipur,SRH,bat,DC,normal,7,307,13,11,19,1,156,11,1,5,5,11,0,0
25,2008,2008-05-14,KTK,PBKS,Mumbai,Mumbai,KTK,bat,KTK,normal,0,271,3,11,17,0,167,5,7,9,9,5,0,0
26,2008,2008-05-16,RCB,MI,Pune,Pune,RCB,bat,RCB,normal,8,262,12,10,18,0,178,8,6,10,10,8,0,0
27,2008,2008-05-19,MI,RR,Kochi,Kochi,RR,bat,RR,normal,0,259,14,12,17,1,189,6,10,6,6,10,0,0
28,2008,2008-05-21,RPS,DC,Hyderabad,Hyderabad,DC,bat,DC,normal,49,266,6,9,19,1,200,9,1,4,4,1,0,0
29,2008,2008-05-24,DC,RCB,Mohali,Mohali,DC,field,DC,normal,12,256,6,9,16,0,211,1,8,8,8,1,1,0
30,2008,2008-05-26,GL,RPS,Ahmedabad,Ahmedabad,GL,bat,GL,normal,18,295,5,5,18,0,223,2,9,0,0,2,0,0
31,2008,2008-05-29,KTK,GT,Bangalore,Bangalore,GT,bat,GT,normal,19,228,13,7,15,1,234,5,3,1,1,3,0,0
32,2008,2008-05-31,GT,SRH,Delhi,Delhi,GT,bat,GT,normal,14,306,8,7,19,0,245,3,11,3,3,3,0,0
33,2008,2008-06-03,DC,RCB,Hyderabad,Hyderabad,DC,bat,RCB,normal,36,253,9,10,17,1,256,1,8,4,4,1,0,0
34,2008,2008-06-05,GL,GT,Bangalore,Bangalore,GT,bat,GT,normal,2,239,4,14,16,1,267,2,3,1,1,3,0,0
35,2008,2008-06-08,KKR,RPS,Chennai,Chennai,KKR,bat,RPS,normal,18,261,7,6,17,1,278,4,9,2,2,4,0,0
36,2008,2008-06-10,RCB,RR,Mumbai,Mumbai,RCB,field,RCB,normal,11,247,11,8,16,0,289,8,10,9,9,8,1,0
37,2008,2008-06-13,RR,CSK,Hyderabad,Hyderabad,CSK,bat,RR,normal,15,224,8,8,16,0,300,10,0,4,4,0,0,0
38,2008,2008-06-15,RR,PBKS,Delhi,Delhi,PBKS,field,RR,normal,9,244,5,5,17,0,311,10,7,3,3,7,1,0
39,2008,2008-06-18,DC,RCB,Pune,Pune,RCB,field,RCB,normal,0,280,1,5,18,1,322,1,8,10,10,8,1,0
40,2008,2008-06-20,GL,GT,Chennai,Chennai,GL,field,GT,normal,7,279,0,11,17,1,334,2,3,2,2,2,1,0
41,2008,2008-06-23,GT,RPS,Kochi,Kochi,RPS,field,GT,normal,24,259,12,18,16,0,345,3,9,6,6,9,1,0
42,2008,2008-06-25,DC,GT,Delhi,Delhi,GT,bat,GT,normal,0,313,6,9,18,1,356,1,3,3,3,3,0,0
43,2008,2008-06-28,RR,RPS,Bangalore,Bangalore,RPS,field,RPS,normal,26,253,8,6,17,1,367,10,9,1,1,9,1,0
44,2008,2008-06-30,GL,RPS,Mohali,Mohali,GL,field,RPS,normal,0,248,14,14,19,1,378,2,9,8,8,2,1,0
45,2008,2008-07-03,KTK,RCB,Kochi,Kochi,RCB,bat,KTK,normal,0,249,3,7,18,0,389,5,8,6,6,8,0,0
46,2008,2008-07-05,RPS,DC,Kolkata,Kolkata,RPS,field,RPS,normal,10,255,15,8,19,0,400,9,1,7,7,9,1,0
47,2008,2008-07-08,SRH,RR,Kochi,Kochi,RR,bat,SRH,normal,13,232,10,6,15,0,411,11,10,6,6,10,0,0
48,2008,2008-07-10,MI,RR,Kolkata,Kolkata,MI,bat,MI,normal,17,268,1,10,15,0,422,6,10,7,7,6,0,0
49,2008,2008-07-13,RCB,SRH,Kochi,Kochi,SRH,field,SRH,normal,0,302,6,12,18,1,433,8,11,6,6,11,1,0
50,2008,2008-07-15,SRH,KTK,Delhi,Delhi,KTK,bat,SRH,normal,0,281,1,9,17,0,445,11,5,3,3,5,0,0
51,2008,2008-07-18,DC,KKR,Delhi,Delhi,DC,bat,KKR,normal,21,291,7,6,18,1,456,1,4,3,3,1,0,0
52,2008,2008-07-20,KTK,KKR,Chennai,Chennai,KKR,field,KKR,normal,0,227,2,6,15,1,467,5,4,2,2,4,1,0
53,2008,2008-07-23,RR,GL,Mumbai,Mumbai,GL,field,GL,normal,1,306,4,11,16,1,478,10,2,9,9,2,1,0
54,2008,2008-07-25,RR,GT,Ahmedabad,Ahmedabad,GT,field,RR,normal,8,268,4,10,18,0,489,10,3,0,0,3,1,0
55,2008,2008-07-28,RPS,RR,Bangalore,Bangalore,RPS,field,RR,normal,0,249,4,4,16,1,500,9,10,1,1,9,1,0
56,2008,2008-07-30,MI,RPS,Jaipur,Jaipur,RPS,field,MI,normal,30,237,6,12,18,0,511,6,9,5,5,9,1,0
57,2008,2008-08-02,PBKS,RR,Delhi,Delhi,PBKS,bat,RR,normal,3,279,7,7,18,1,522,7,10,3,3,7,0,0
58,2008,2008-08-04,RPS,MI,Kochi,Kochi,RPS,bat,RPS,normal,49,248,19,12,15,0,533,9,6,6,6,9,0,0
59,2009,2009-04-05,MI,GL,Kolkata,Kolkata,MI,bat,GL,normal,9,297,9,12,19,1,544,6,2,7,7,6,0,0
60,2009,2009-04-07,DC,MI,Pune,Pune,MI,field,DC,normal,0,261,1,13,18,0,556,1,6,10,10,6,1,0
61,2009,2009-04-10,GL,RPS,Kolkata,Kolkata,GL,bat,GL,normal,0,270,7,12,19,0,567,2,9,7,7,2,0,0
62,2009,2009-04-12,PBKS,MI,Ahmedabad,Ahmedabad,PBKS,field,MI,normal,14,283,10,11,17,1,578,7,6,0,0,7,1,0
63,2009,2009-04-15,SRH,RCB,Jaipur,Jaipur,RCB,field,SRH,normal,0,351,7,3,19,0,589,11,8,5,5,8,1,0
64,2009,2009-04-17,GL,DC,Mohali,Mohali,GL,field,GL,normal,9,230,11,6,15,0,591,2,1,8,8,2,1,0
65,2009,2009-04-20,PBKS,CSK,Hyderabad,Hyderabad,CSK,field,CSK,normal,12,274,11,13,19,1,592,7,0,4,4,0,1,0
66,2009,2009-04-22,KTK,DC,Ahmedabad,Ahmedabad,KTK,field,KTK,normal,34,271,10,8,19,0,593,5,1,0,0,5,1,0
67,2009,2009-04-25,KTK,SRH,Kochi,Kochi,SRH,bat,SRH,normal,29,342,9,8,19,1,594,5,11,6,6,11,0,0
68,2009,2009-04-27,RPS,GL,Mohali,Mohali,GL,field,GL,normal,17,279,7,6,18,1,595,9,2,8,8,2,1,0
69,2009,2009-04-30,DC,KTK,Kolkata,Kolkata,DC,bat,DC,normal,7,247,6,11,19,0,596,1,5,7,7,1,0,0
70,2009,2009-05-02,DC,GL,Ahmedabad,Ahmedabad,DC,field,GL,normal,7,276,2,8,18,1,598,1,2,0,0,1,1,0
71,2009,2009-05-05,GT,RCB,Delhi,Delhi,GT,field,GT,normal,18,227,14,11,16,0,599,3,8,3,3,3,1,0
72,2009,2009-05-07,DC,SRH,Hyderabad,Hyderabad,SRH,field,SRH,normal,22,248,6,4,16,1,600,1,11,4,4,11,1,0
73,2009,2009-05-10,SRH,MI,Pune,Pune,MI,bat,SRH,normal,0,213,9,8,18,0,601,11,6,10,10,6,0,0
74,2009,2009-05-12,RR,GL,Pune,Pune,GL,field,RR,normal,17,223,13,6,17,0,602,10,2,10,10,2,1,0
75,2009,2009-05-15,RR,DC,Pune,Pune,RR,field,RR,normal,40,278,8,8,17,0,603,10,1,10,10,10,1,0
76,2009,2009-05-17,RCB,GT,Chennai,Chennai,GT,field,RCB,normal,14,302,11,7,19,0,604,8,3,2,2,3,1,0
77,2009,2009-05-20,DC,SRH,Chennai,Chennai,DC,field,DC,normal,0,229,6,8,15,0,605,1,11,2,2,1,1,0
78,2009,2009-05-22,RCB,DC,Bangalore,Bangalore,DC,field,RCB,normal,6,247,10,5,19,0,606,8,1,1,1,1,1,0
79,2009,2009-05-25,KTK,RR,Delhi,Delhi,KTK,field,RR,normal,0,275,7,10,19,1,607,5,10,3,3,5,1,0
80,2009,2009-05-27,CSK,MI,Kolkata,Kolkata,CSK,bat,CSK,normal,0,293,12,13,17,0,609,0,6,7,7,0,0,0
81,2009,2009-05-30,DC,RCB,Pune,Pune,RCB,field,RCB,normal,41,283,7,5,18,1,610,1,8,10,10,8,1,0
82,2009,2009-06-01,MI,RCB,Mohali,Mohali,RCB,bat,RCB,normal,16,263,11,6,17,1,611,6,8,8,8,8,0,0
83,2009,2009-06-04,PBKS,MI,Jaipur,Jaipur,MI,bat,PBKS,normal,18,248,6,11,18,0,612,7,6,5,5,6,0,0
84,2009,2009-06-06,SRH,RPS,Hyderabad,Hyderabad,SRH,field,SRH,normal,0,284,8,11,19,0,613,11,9,4,4,11,1,0
85,2009,2009-06-09,MI,CSK,Kochi,Kochi,MI,field,MI,normal,6,232,5,8,15,0,614,6,0,6,6,6,1,0
86,2009,2009-06-11,MI,SRH,Chennai,Chennai,SRH,field,MI,normal,0,259,7,3,17,0,615,6,11,2,2,11,1,0
87,2009,2009-06-14,KKR,SRH,Ahmedabad,Ahmedabad,KKR,bat,KKR,normal,0,310,14,6,18,0,616,4,11,0,0,4,0,0
88,2009,2009-06-16,RR,PBKS,Ahmedabad,Ahmedabad,PBKS,field,PBKS,normal,0,215,3,11,17,1,617,10,7,0,0,7,1,0
89,2009,2009-06-19,SRH,PBKS,Mohali,Mohali,SRH,field,PBKS,normal,30,271,7,11,19,1,618,11,7,8,8,11,1,0
90,2009,2009-06-21,CSK,PBKS,Hyderabad,Hyderabad,CSK,bat,PBKS,normal,5,291,17,13,19,1,620,0,7,4,4,0,0,0
91,2009,2009-06-24,MI,SRH,Chennai,Chennai,MI,bat,SRH,normal,5,249,2,9,19,1,621,6,11,2,2,6,0,0
92,2009,2009-06-26,PBKS,GL,Jaipur,Jaipur,GL,field,PBKS,normal,18,220,11,7,15,0,622,7,2,5,5,2,1,0
93,2009,2009-06-29,MI,KKR,Kochi,Kochi,MI,bat,KKR,normal,3,249,10,7,16,1,623,6,4,6,6,6,0,0
94,2009,2009-07-01,CSK,KTK,Mohali,Mohali,KTK,bat,CSK,normal,12,266,9,8,18,0,624,0,5,8,8,5,0,0
95,2009,2009-07-04,RPS,RCB,Bangalore,Bangalore,RPS,field,RPS,normal,20,318,10,11,19,0,625,9,8,1,1,9,1,0
96,2009,2009-07-06,SRH,RPS,Delhi,Delhi,RPS,bat,RPS,normal,1,311,11,12,19,1,626,11,9,3,3,9,0,0
97,2009,2009-07-09,GL,DC,Kochi,Kochi,DC,bat,DC,normal,9,286,8,7,18,1,627,2,1,6,6,1,0,0
98,2009,2009-07-11,MI,KKR,Jaipur,Jaipur,KKR,bat,KKR,normal,0,292,12,9,18,1,628,6,4,5,5,4,0,0
99,2009,2009-07-14,DC,CSK,Pune,Pune,DC,field,DC,normal,16,226,9,15,19,0,629,1,0,10,10,1,1,0
100,2009,2009-07-16,DC,RPS,Kochi,Kochi,DC,field,DC,normal,0,201,6,11,15,0,2,1,9,6,6,1,1,0
101,2009,2009-07-19,PBKS,RCB,Chennai,Chennai,PBKS,bat,RCB,normal,21,290,5,11,19,1,3,7,8,2,2,7,0,0
102,2009,2009-07-21,PBKS,GT,Ahmedabad,Ahmedabad,GT,field,GT,normal,9,299,7,13,19,1,4,7,3,0,0,3,1,0
103,2009,2009-07-24,MI,RCB,Kolkata,Kolkata,RCB,bat,RCB,normal,36,254,5,8,17,1,5,6,8,7,7,8,0,0
104,2009,2009-07-26,PBKS,RPS,Kochi,Kochi,RPS,bat,RPS,normal,0,313,11,10,18,1,6,7,9,6,6,9,0,0
105,2009,2009-07-29,GL,GT,Mohali,Mohali,GT,field,GL,normal,0,268,8,4,19,0,7,2,3,8,8,3,1,0
106,2009,2009-07-31,CSK,KTK,Delhi,Delhi,CSK,field,KTK,normal,8,251,6,6,16,1,8,0,5,3,3,0,1,0
107,2009,2009-08-03,KTK,GT,Jaipur,Jaipur,GT,field,KTK,normal,4,319,3,8,18,0,9,5,3,5,5,3,1,0
108,2009,2009-08-05,SRH,KTK,Kolkata,Kolkata,KTK,bat,KTK,normal,0,232,8,9,19,1,10,11,5,7,7,5,0,0
109,2009,2009-08-08,MI,SRH,Chennai,Chennai,MI,field,MI,normal,42,301,8,7,17,0,11,6,11,2,2,6,1,0
110,2009,2009-08-10,GL,KKR,Chennai,Chennai,KKR,bat,GL,normal,38,249,4,12,15,0,13,2,4,2,2,4,0,0
111,2009,2009-08-13,DC,RCB,Bangalore,Bangalore,DC,bat,RCB,normal,0,236,9,6,16,1,14,1,8,1,1,1,0,0
112,2009,2009-08-15,KKR,GL,Mohali,Mohali,KKR,field,KKR,normal,12,273,6,6,18,0,15,4,2,8,8,4,1,0
113,2009,2009-08-18,SRH,KTK,Mohali,Mohali,SRH,field,SRH,normal,29,228,6,7,17,0,16,11,5,8,8,11,1,0
114,2009,2009-08-20,CSK,SRH,Jaipur,Jaipur,SRH,bat,SRH,normal,4,249,10,10,19,1,17,0,11,5,5,11,0,0
115,2009,2009-08-23,RCB,MI,Bangalore,Bangalore,MI,field,MI,normal,0,287,11,8,18,1,18,8,6,1,1,6,1,0
116,2009,2009-08-25,SRH,GT,Pune,Pune,SRH,field,GT,normal,0,296,14,8,19,1,19,11,3,10,10,11,1,0
117,2009,2009-08-28,PBKS,SRH,Jaipur,Jaipur,SRH,field,SRH,normal,4,293,5,6,18,1,20,7,11,5,5,11,1,0
118,2009,2009-08-30,RCB,RPS,Hyderabad,Hyderabad,RPS,bat,RCB,normal,6,280,1,8,19,0,21,8,9,4,4,9,0,0
119,2009,2009-09-02,RCB,GT,Mumbai,Mumbai,GT,field,GT,normal,4,297,9,6,19,1,22,8,3,9,9,3,1,0
120,2009,2009-09-04,DC,GL,Delhi,Delhi,DC,bat,GL,normal,0,285,10,10,19,1,24,1,2,3,3,1,0,0
121,2009,2009-09-07,MI,PBKS,Ahmedabad,Ahmedabad,MI,field,PBKS,normal,0,257,9,9,18,1,25,6,7,0,0,6,1,0
122,2009,2009-09-09,GL,KTK,Kochi,Kochi,GL,field,GL,normal,39,289,10,5,19,0,26,2,5,6,6,2,1,0
123,2009,2009-09-12,PBKS,KTK,Mumbai,Mumbai,KTK,bat,PBKS,normal,0,264,9,9,17,0,27,7,5,9,9,5,0,0
124,2009,2009-09-14,CSK,MI,Ahmedabad,Ahmedabad,MI,bat,CSK,normal,14,276,9,7,18,0,28,0,6,0,0,6,0,0
125,2009,2009-09-17,GL,KTK,Chennai,Chennai,GL,bat,GL,normal,0,243,6,7,17,0,29,2,5,2,2,2,0,0
126,2009,2009-09-19,SRH,GL,Hyderabad,Hyderabad,SRH,field,GL,normal,0,305,8,5,18,1,30,11,2,4,4,11,1,0
127,2009,2009-09-22,RPS,GL,Hyderabad,Hyderabad,RPS,bat,GL,normal,8,234,8,7,18,1,31,9,2,4,4,9,0,0
128,2009,2009-09-24,RCB,DC,Delhi,Delhi,DC,bat,DC,normal,1,296,4,6,17,1,32,8,1,3,3,1,0,0
129,2010,2010-03-31,GT,RPS,Mohali,Mohali,GT,field,GT,normal,2,257,12,7,19,0,33,3,9,8,8,3,1,0
130,2010,2010-04-02,GL,RR,Pune,Pune,GL,field,RR,normal,14,258,5,13,17,1,35,2,10,10,10,2,1,0
131,2010,2010-04-05,GL,SRH,Mohali,Mohali,SRH,field,GL,normal,28,229,2,7,17,0,36,2,11,8,8,11,1,0
132,2010,2010-04-07,DC,PBKS,Kolkata,Kolkata,DC,bat,PBKS,normal,50,273,9,9,18,1,37,1,7,7,7,1,0,0
133,2010,2010-04-10,KTK,RPS,Bangalore,Bangalore,KTK,bat,KTK,normal,5,265,9,9,17,0,38,5,9,1,1,5,0,0
134,2010,2010-04-12,RPS,MI,Bangalore,Bangalore,MI,field,MI,normal,0,251,4,8,18,1,39,9,6,1,1,6,1,0
135,2010,2010-04-15,RCB,SRH,Chennai,Chennai,RCB,field,SRH,normal,10,262,8,7,18,1,40,8,11,2,2,8,1,0
136,2010,2010-04-17,SRH,CSK,Mumbai,Mumbai,SRH,field,CSK,normal,0,218,6,5,15,1,41,11,0,9,9,11,1,0
137,2010,2010-04-20,KTK,CSK,Hyderabad,Hyderabad,KTK,bat,KTK,normal,20,263,4,7,18,0,42,5,0,4,4,5,0,0
138,2010,2010-04-22,PBKS,MI,Ahmedabad,Ahmedabad,MI,field,PBKS,normal,0,305,3,8,19,0,43,7,6,0,0,6,1,0
139,2010,2010-04-25,PBKS,KTK,Delhi,Delhi,PBKS,field,KTK,normal,0,230,9,10,17,1,44,7,5,3,3,7,1,0
140,2010,2010-04-27,RPS,RR,Delhi,Delhi,RR,bat,RR,normal,47,235,7,8,17,1,46,9,10,3,3,10,0,0
141,2010,2010-04-30,PBKS,DC,Kochi,Kochi,PBKS,field,DC,normal,0,227,1,9,16,1,47,7,1,6,6,7,1,0
142,2010,2010-05-02,PBKS,RCB,Kochi,Kochi,RCB,bat,PBKS,normal,0,274,6,8,18,0,48,7,8,6,6,8,0,0
143,2010,2010-05-05,KKR,PBKS,Hyderabad,Hyderabad,KKR,field,KKR,normal,15,268,8,7,19,0,49,4,7,4,4,4,1,0
144,2010,2010-05-07,GT,KTK,Mumbai,Mumbai,KTK,bat,KTK,normal,50,208,7,11,19,1,50,3,5,9,9,5,0,0
145,2010,2010-05-10,GL,RCB,Hyderabad,Hyderabad,GL,field,GL,normal,0,242,8,2,15,0,51,2,8,4,4,2,1,0
146,2010,2010-05-12,SRH,KKR,Ahmedabad,Ahmedabad,KKR,field,SRH,normal,20,296,3,8,19,0,52,11,4,0,0,4,1,0
147,2010,2010-05-15,RR,GT,Ahmedabad,Ahmedabad,RR,field,GT,normal,0,269,11,6,19,1,53,10,3,0,0,10,1,0
148,2010,2010-05-17,PBKS,GT,Chennai,Chennai,GT,field,PBKS,normal,19,301,7,7,19,0,54,7,3,2,2,3,1,0
149,2010,2010-05-20,RR,MI,Kolkata,Kolkata,RR,field,MI,normal,1,257,10,5,18,1,55,10,6,7,7,10,1,0
150,2010,2010-05-22,MI,PBKS,Kolkata,Kolkata,PBKS,bat,MI,normal,0,234,13,9,19,0,57,6,7,7,7,7,0,0
151,2010,2010-05-25,SRH,RCB,Hyderabad,Hyderabad,SRH,field,RCB,normal,40,334,4,7,18,1,58,11,8,4,4,11,1,0
152,2010,2010-05-27,KTK,GL,Ahmedabad,Ahmedabad,GL,bat,GL,normal,8,336,2,6,18,1,59,5,2,0,0,2,0,0
153,2010,2010-05-30,GL,SRH,Chennai,Chennai,GL,bat,GL,normal,0,242,2,8,19,0,60,2,11,2,2,2,0,0
154,2010,2010-06-01,CSK,GL,Mohali,Mohali,CSK,field,CSK,normal,37,278,12,4,19,0,61,0,2,8,8,0,1,0
155,2010,2010-06-04,GT,KTK,Ahmedabad,Ahmedabad,KTK,field,GT,normal,25,317,4,7,18,0,62,3,5,0,0,5,1,0
156,2010,2010-06-06,MI,PBKS,Kolkata,Kolkata,PBKS,bat,MI,normal,0,255,12,8,18,0,63,6,7,7,7,7,0,0
157,2010,2010-06-09,RPS,RCB,Kochi,Kochi,RPS,bat,RCB,normal,0,287,7,3,19,1,64,9,8,6,6,9,0,0
158,2010,2010-06-11,SRH,CSK,Delhi,Delhi,CSK,field,SRH,normal,3,243,8,11,17,0,65,11,0,3,3,0,1,0
159,2010,2010-06-14,GT,SRH,Delhi,Delhi,SRH,bat,GT,normal,7,241,3,9,15,0,66,3,11,3,3,11,0,0
160,2010,2010-06-16,MI,PBKS,Jaipur,Jaipur,PBKS,bat,PBKS,normal,15,273,5,5,18,1,68,6,7,5,5,7,0,0
161,2010,2010-06-19,GT,DC,Chennai,Chennai,GT,field,DC,normal,0,263,7,2,15,1,69,3,1,2,2,3,1,0
162,2010,2010-06-21,RPS,DC,Delhi,Delhi,DC,field,DC,normal,39,292,6,12,18,1,70,9,1,3,3,1,1,0
163,2010,2010-06-24,PBKS,GL,Jaipur,Jaipur,GL,field,GL,normal,41,252,13,5,17,1,71,7,2,5,5,2,1,0
164,2010,2010-06-26,RCB,CSK,Bangalore,Bangalore,RCB,field,CSK,normal,3,289,8,5,18,1,72,8,0,1,1,8,1,0
165,2010,2010-06-29,CSK,GL,Bangalore,Bangalore,CSK,bat,GL,normal,12,274,7,14,15,1,73,0,2,1,1,0,0,0
166,2010,2010-07-01,RPS,DC,Kolkata,Kolkata,DC,bat,RPS,normal,6,222,11,3,16,0,74,9,1,7,7,1,0,0
167,2010,2010-07-04,SRH,KKR,Pune,Pune,SRH,bat,KKR,normal,45,285,7,4,19,1,75,11,4,10,10,11,0,0
168,2010,2010-07-06,KTK,SRH,Chennai,Chennai,KTK,field,SRH,normal,0,228,10,8,15,1,76,5,11,2,2,5,1,0
169,2010,2010-07-09,KTK,RPS,Bangalore,Bangalore,KTK,bat,RPS,normal,33,258,12,11,18,1,77,5,9,1,1,5,0,0
170,2010,2010-07-11,PBKS,GT,Pune,Pune,PBKS,bat,GT,normal,30,253,13,8,17,1,79,7,3,10,10,7,0,0
171,2010,2010-07-14,KTK,SRH,Ahmedabad,Ahmedabad,KTK,bat,SRH,normal,0,119,3,10,18,1,80,5,11,0,0,5,0,0
172,2010,2010-07-16,SRH,KTK,Kochi,Kochi,SRH,bat,KTK,normal,0,256,6,6,17,1,81,11,5,6,6,11,0,0
173,2010,2010-07-19,CSK,MI,Ahmedabad,Ahmedabad,MI,bat,CSK,normal,20,254,8,5,17,0,82,0,6,0,0,6,0,0
174,2010,2010-07-21,DC,MI,Delhi,Delhi,DC,field,DC,normal,18,285,3,5,16,0,83,1,6,3,3,1,1,0
175,2010,2010-07-24,RPS,RCB,Pune,Pune,RCB,bat,RPS,normal,0,255,5,8,18,0,84,9,8,10,10,8,0,0
176,2010,2010-07-26,CSK,RPS,Pune,Pune,RPS,bat,RPS,normal,0,228,11,9,15,1,85,0,9,10,10,9,0,0
177,2010,2010-07-29,DC,RPS,Delhi,Delhi,RPS,bat,RPS,normal,13,240,10,8,19,1,86,1,9,3,3,9,0,0
178,2010,2010-07-31,RR,SRH,Hyderabad,Hyderabad,SRH,field,RR,normal,22,274,17,10,19,0,87,10,11,4,4,11,1,0
179,2010,2010-08-03,RR,RCB,Mohali,Mohali,RR,field,RR,normal,8,282,5,5,18,0,88,10,8,8,8,10,1,0
180,2010,2010-08-05,CSK,DC,Jaipur,Jaipur,DC,bat,DC,normal,6,293,8,8,16,1,90,0,1,5,5,1,0,0
181,2010,2010-08-08,GT,SRH,Hyderabad,Hyderabad,SRH,field,SRH,normal,32,325,6,4,19,1,91,3,11,4,4,11,1,0
182,2010,2010-08-10,PBKS,CSK,Mumbai,Mumbai,CSK,field,CSK,normal,0,275,4,11,19,1,92,7,0,9,9,0,1,0
183,2010,2010-08-13,RR,RCB,Delhi,Delhi,RR,field,RCB,normal,13,228,6,11,16,1,93,10,8,3,3,10,1,0
184,2010,2010-08-15,PBKS,GT,Delhi,Delhi,GT,bat,PBKS,normal,17,273,5,11,19,0,94,7,3,3,3,3,0,0
185,2010,2010-08-18,PBKS,KTK,Ahmedabad,Ahmedabad,KTK,bat,KTK,normal,49,268,12,13,19,1,95,7,5,0,0,5,0,0
186,2010,2010-08-20,PBKS,SRH,Ahmedabad,Ahmedabad,PBKS,field,SRH,normal,0,269,11,9,18,1,96,7,11,0,0,7,1,0
187,2010,2010-08-23,RR,GL,Delhi,Delhi,GL,field,GL,normal,0,229,8,8,16,1,97,10,2,3,3,2,1,0
188,2010,2010-08-25,PBKS,RPS,Chennai,Chennai,PBKS,field,RPS,normal,0,227,9,4,15,1,98,7,9,2,2,7,1,0
189,2010,2010-08-28,GL,KTK,Kolkata,Kolkata,KTK,bat,GL,normal,38,236,13,7,15,0,99,2,5,7,7,5,0,0
190,2010,2010-08-30,GL,MI,Kolkata,Kolkata,GL,field,GL,normal,11,251,5,5,15,0,101,2,6,7,7,2,1,0
191,2011,2011-04-11,KTK,CSK,Bangalore,Bangalore,CSK,field,KTK,normal,0,255,14,9,19,0,102,5,0,1,1,0,1,0
192,2011,2011-04-13,GT,PBKS,Ahmedabad,Ahmedabad,PBKS,bat,PBKS,normal,0,293,5,5,18,1,103,3,7,0,0,7,0,0
193,2011,2011-04-16,DC,KKR,Delhi,Delhi,KKR,field,KKR,normal,0,196,4,11,15,1,104,1,4,3,3,4,1,0
194,2011,2011-04-18,KTK,DC,Delhi,Delhi,DC,field,KTK,normal,18,248,5,11,18,0,105,5,1,3,3,1,1,0
195,2011,2011-04-21,DC,CSK,Delhi,Delhi,CSK,field,DC,normal,0,240,10,9,17,0,106,1,0,3,3,0,1,0
196,2011,2011-04-23,DC,GT,Delhi,Delhi,DC,bat,DC,normal,0,319,7,7,18,0,107,1,3,3,3,1,0,0
197,2011,2011-04-26,KKR,RPS,Kolkata,Kolkata,RPS,bat,KKR,normal,14,260,7,7,17,0,108,4,9,7,7,9,0,0
198,2011,2011-04-28,GT,RCB,Jaipur,Jaipur,RCB,field,RCB,normal,7,270,7,8,18,1,109,3,8,5,5,8,1,0
199,2011,2011-05-01,MI,RPS,Pune,Pune,RPS,bat,MI,normal,35,301,16,9,19,0,110,6,9,10,10,9,0,0
200,2011,2011-05-03,RR,SRH,Bangalore,Bangalore,RR,field,SRH,normal,1,245,16,14,19,1,113,10,11,1,1,10,1,0
201,2011,2011-05-06,GT,KTK,Hyderabad,Hyderabad,GT,bat,GT,normal,15,311,14,10,18,0,114,3,5,4,4,3,0,0
202,2011,2011-05-08,RPS,DC,Bangalore,Bangalore,RPS,bat,RPS,normal,11,265,2,6,17,0,115,9,1,1,1,9,0,0
203,2011,2011-05-11,RR,KTK,Ahmedabad,Ahmedabad,RR,bat,KTK,normal,0,265,9,9,19,1,116,10,5,0,0,10,0,0
204,2011,2011-05-13,KKR,CSK,Delhi,Delhi,CSK,field,CSK,normal,15,247,5,14,18,1,117,4,0,3,3,0,1,0
205,2011,2011-05-16,DC,RPS,Mohali,Mohali,RPS,bat,DC,normal,4,294,2,14,19,0,118,1,9,8,8,9,0,0
206,2011,2011-05-18,KTK,DC,Chennai,Chennai,KTK,bat,DC,normal,24,295,9,6,19,1,119,5,1,2,2,5,0,0
207,2011,2011-05-21,GL,PBKS,Jaipur,Jaipur,GL,bat,PBKS,normal,0,227,6,5,17,1,120,2,7,5,5,2,0,0
208,2011,2011-05-23,MI,GT,Hyderabad,Hyderabad,MI,bat,GT,normal,5,309,3,10,16,1,121,6,3,4,4,6,0,0
209,2011,2011-05-26,PBKS,GT,Hyderabad,Hyderabad,GT,bat,PBKS,normal,0,277,11,8,18,0,122,7,3,4,4,3,0,0
210,2011,2011-05-28,CSK,SRH,Bangalore,Bangalore,SRH,field,SRH,normal,30,282,9,16,19,1,124,0,11,1,1,11,1,0
211,2011,2011-05-31,CSK,KKR,Pune,Pune,CSK,bat,CSK,normal,14,225,4,7,15,0,125,0,4,10,10,0,0,0
212,2011,2011-06-02,SRH,CSK,Delhi,Delhi,CSK,field,CSK,normal,0,274,7,5,17,1,126,11,0,3,3,0,1,0
213,2011,2011-06-05,RR,KTK,Chennai,Chennai,RR,field,RR,normal,42,224,3,8,17,0,127,10,5,2,2,10,1,0
214,2011,2011-06-07,KKR,CSK,Mumbai,Mumbai,CSK,bat,CSK,normal,18,233,7,4,18,1,128,4,0,9,9,0,0,0
215,2011,2011-06-10,DC,KKR,Chennai,Chennai,DC,bat,DC,normal,0,262,0,8,18,0,129,1,4,2,2,1,0,0
216,2011,2011-06-12,CSK,SRH,Pune,Pune,SRH,bat,CSK,normal,2,309,6,9,19,0,130,0,11,10,10,11,0,0
217,2011,2011-06-15,CSK,RCB,Ahmedabad,Ahmedabad,RCB,bat,RCB,normal,19,243,12,6,15,1,131,0,8,0,0,8,0,0
218,2011,2011-06-17,RPS,GT,Kolkata,Kolkata,RPS,field,GT,normal,20,255,9,9,15,1,132,9,3,7,7,9,1,0
219,2011,2011-06-20,PBKS,RPS,Kochi,Kochi,RPS,field,RPS,normal,0,296,7,6,19,1,133,7,9,6,6,9,1,0
220,2011,2011-06-22,GT,SRH,Kolkata,Kolkata,GT,field,GT,normal,5,277,1,10,18,0,135,3,11,7,7,3,1,0
221,2011,2011-06-25,RCB,RR,Kolkata,Kolkata,RCB,field,RR,normal,0,241,9,4,16,1,136,8,10,7,7,8,1,0
222,2011,2011-06-27,KTK,KKR,Mumbai,Mumbai,KTK,bat,KKR,normal,0,325,5,7,17,1,137,5,4,9,9,5,0,0
223,2011,2011-06-30,KTK,RPS,Ahmedabad,Ahmedabad,RPS,bat,KTK,normal,7,246,11,4,18,0,138,5,9,0,0,9,0,0
224,2011,2011-07-02,KTK,MI,Hyderabad,Hyderabad,KTK,field,KTK,normal,0,302,11,9,18,0,139,5,6,4,4,5,1,0
225,2011,2011-07-05,DC,RR,Hyderabad,Hyderabad,RR,field,RR,normal,9,240,4,7,18,1,140,1,10,4,4,10,1,0
226,2011,2011-07-07,SRH,PBKS,Kolkata,Kolkata,SRH,bat,PBKS,normal,21,252,9,8,18,1,141,11,7,7,7,11,0,0
227,2011,2011-07-10,GL,KTK,Jaipur,Jaipur,GL,field,KTK,normal,7,238,6,6,18,1,142,2,5,5,5,2,1,0
228,2011,2011-07-12,GT,RPS,Kochi,Kochi,RPS,field,RPS,normal,0,280,5,3,18,1,143,3,9,6,6,9,1,0
229,2011,2011-07-15,RCB,KTK,Ahmedabad,Ahmedabad,RCB,bat,KTK,normal,0,289,12,7,17,1,144,8,5,0,0,8,0,0
230,2011,2011-07-17,RPS,CSK,Mumbai,Mumbai,RPS,bat,CSK,normal,9,249,3,8,19,1,146,9,0,9,9,9,0,0
231,2011,2011-07-20,CSK,GL,Kochi,Kochi,CSK,field,GL,normal,43,267,6,8,18,1,147,0,2,6,6,0,1,0
232,2011,2011-07-22,DC,GT,Delhi,Delhi,DC,bat,DC,normal,33,197,3,8,17,0,148,1,3,3,3,1,0,0
233,2011,2011-07-25,GL,GT,Delhi,Delhi,GT,field,GT,normal,18,255,19,7,19,1,149,2,3,3,3,3,1,0
234,2011,2011-07-27,KTK,KKR,Delhi,Delhi,KKR,field,KTK,normal,42,241,3,5,15,0,150,5,4,3,3,4,1,0
235,2011,2011-07-30,RPS,CSK,Bangalore,Bangalore,CSK,bat,RPS,normal,0,240,7,6,17,0,151,9,0,1,1,0,0,0
236,2011,2011-08-01,KKR,KTK,Pune,Pune,KTK,bat,KTK,normal,18,293,3,11,18,1,152,4,5,10,10,5,0,0
237,2011,2011-08-04,CSK,KKR,Pune,Pune,KKR,bat,CSK,normal,49,288,4,11,19,0,153,0,4,10,10,4,0,0
238,2011,2011-08-06,RR,RPS,Ahmedabad,Ahmedabad,RR,field,RPS,normal,0,237,5,8,19,1,154,10,9,0,0,10,1,0
239,2011,2011-08-09,MI,PBKS,Pune,Pune,PBKS,field,PBKS,normal,50,242,11,12,17,1,155,6,7,10,10,7,1,0
240,2011,2011-08-11,RR,KTK,Bangalore,Bangalore,RR,bat,KTK,normal,20,274,8,8,18,1,157,10,5,1,1,10,0,0
241,2011,2011-08-14,KTK,RPS,Bangalore,Bangalore,KTK,bat,RPS,normal,21,323,4,9,19,1,158,5,9,1,1,5,0,0
242,2011,2011-08-16,DC,MI,Bangalore,Bangalore,MI,bat,DC,normal,14,254,6,9,18,0,159,1,6,1,1,6,0,0
243,2011,2011-08-19,MI,GL,Pune,Pune,GL,field,GL,normal,1,252,13,10,18,1,160,6,2,10,10,2,1,0
244,2011,2011-08-21,GT,KKR,Pune,Pune,GT,field,GT,normal,44,202,1,7,17,0,161,3,4,10,10,3,1,0
245,2011,2011-08-24,MI,RCB,Jaipur,Jaipur,MI,field,RCB,normal,10,293,2,9,19,1,162,6,8,5,5,6,1,0
246,2011,2011-08-26,RPS,SRH,Pune,Pune,SRH,bat,RPS,normal,30,242,14,10,19,0,163,9,11,10,10,11,0,0
247,2011,2011-08-29,GL,RR,Mohali,Mohali,GL,field,RR,normal,0,263,7,12,16,1,164,2,10,8,8,2,1,0
248,2011,2011-08-31,KKR,SRH,Mohali,Mohali,SRH,bat,KKR,normal,11,300,12,9,18,0,165,4,11,8,8,11,0,0
249,2011,2011-09-03,RR,PBKS,Chennai,Chennai,RR,field,RR,normal,38,262,3,7,18,0,166,10,7,2,2,10,1,0
250,2011,2011-09-05,DC,MI,Jaipur,Jaipur,MI,bat,MI,normal,9,263,8,10,19,1,168,1,6,5,5,6,0,0
251,2011,2011-09-08,MI,SRH,Pune,Pune,SRH,bat,SRH,normal,0,253,9,14,19,1,169,6,11,10,10,11,0,0
252,2011,2011-09-10,GT,GL,Kochi,Kochi,GL,bat,GT,normal,0,295,7,15,19,0,170,3,2,6,6,2,0,0
253,2011,2011-09-13,RPS,KTK,Kochi,Kochi,RPS,bat,KTK,normal,11,285,11,5,18,1,171,9,5,6,6,9,0,0
254,2011,2011-09-15,KTK,GT,Ahmedabad,Ahmedabad,GT,bat,KTK,normal,12,236,10,16,17,0,172,5,3,0,0,3,0,0
255,2011,2011-09-18,MI,DC,Jaipur,Jaipur,DC,field,MI,normal,5,231,4,10,16,0,173,6,1,5,5,1,1,0
256,2011,2011-09-20,SRH,PBKS,Hyderabad,Hyderabad,SRH,field,SRH,normal,15,250,6,7,18,0,174,11,7,4,4,11,1,0
257,2011,2011-09-23,CSK,PBKS,Kochi,Kochi,CSK,bat,CSK,normal,0,294,9,6,16,0,175,0,7,6,6,0,0,0
258,2011,2011-09-25,RR,SRH,Kolkata,Kolkata,SRH,field,SRH,normal,41,282,6,8,19,1,176,10,11,7,7,11,1,0
259,2011,2011-09-28,KKR,SRH,Pune,Pune,KKR,bat,SRH,normal,0,292,2,9,18,1,177,4,11,10,10,4,0,0
260,2011,2011-09-30,MI,GL,Chennai,Chennai,GL,bat,MI,normal,24,327,8,12,19,0,179,6,2,2,2,2,0,0
261,2012,2012-04-03,RR,GL,Jaipur,Jaipur,RR,field,RR,normal,12,260,10,8,19,0,180,10,2,5,5,10,1,0
262,2012,2012-04-05,RPS,RCB,Mohali,Mohali,RPS,field,RPS,normal,16,275,7,10,19,0,181,9,8,8,8,9,1,0
263,2012,2012-04-08,RR,GL,Bangalore,Bangalore,RR,bat,GL,normal,6,213,13,12,18,1,182,10,2,1,1,10,0,0
264,2012,2012-04-10,PBKS,SRH,Pune,Pune,PBKS,bat,PBKS,normal,1,303,9,4,18,0,183,7,11,10,10,7,0,0
265,2012,2012-04-13,GT,RPS,Hyderabad,Hyderabad,RPS,field,RPS,normal,16,255,8,12,19,1,184,3,9,4,4,9,1,0
266,2012,2012-04-15,KKR,DC,Mumbai,Mumbai,KKR,field,DC,normal,18,277,12,8,17,1,185,4,1,9,9,4,1,0
267,2012,2012-04-18,SRH,GT,Ahmedabad,Ahmedabad,GT,bat,SRH,normal,4,269,6,8,19,0,186,11,3,0,0,3,0,0
268,2012,2012-04-20,KKR,RR,Chennai,Chennai,RR,field,KKR,normal,2,260,12,9,17,0,187,4,10,2,2,10,1,0
269,2012,2012-04-23,MI,KKR,Kolkata,Kolkata,KKR,bat,KKR,normal,0,241,6,9,17,1,188,6,4,7,7,4,0,0
270,2012,2012-04-25,KKR,CSK,Pune,Pune,KKR,field,CSK,normal,0,237,6,12,19,1,190,4,0,10,10,4,1,0
271,2012,2012-04-28,GL,DC,Ahmedabad,Ahmedabad,DC,bat,GL,normal,9,290,7,9,18,0,191,2,1,0,0,1,0,0
272,2012,2012-04-30,RCB,PBKS,Kolkata,Kolkata,PBKS,field,PBKS,normal,0,265,9,5,16,1,192,8,7,7,7,7,1,0
273,2012,2012-05-03,MI,RR,Ahmedabad,Ahmedabad,RR,field,RR,normal,12,223,13,8,17,1,193,6,10,0,0,10,1,0
274,2012,2012-05-05,KTK,MI,Hyderabad,Hyderabad,KTK,field,MI,normal,18,270,4,9,19,1,194,5,6,4,4,5,1,0
275,2012,2012-05-08,PBKS,DC,Mohali,Mohali,PBKS,bat,PBKS,normal,16,233,3,11,15,0,195,7,1,8,8,7,0,0
276,2012,2012-05-10,SRH,CSK,Chennai,Chennai,CSK,bat,SRH,normal,29,242,7,15,19,0,196,11,0,2,2,0,0,0
277,2012,2012-05-13,RPS,DC,Bangalore,Bangalore,RPS,field,DC,normal,12,210,3,8,18,1,197,9,1,1,1,9,1,0
278,2012,2012-05-15,CSK,RR,Kochi,Kochi,CSK,bat,RR,normal,8,255,14,10,16,1,198,0,10,6,6,0,0,0
279,2012,2012-05-18,RCB,GL,Kolkata,Kolkata,GL,bat,GL,normal,0,249,8,10,16,1,199,8,2,7,7,2,0,0
280,2012,2012-05-20,RCB,SRH,Chennai,Chennai,RCB,bat,RCB,normal,0,295,9,8,18,0,201,8,11,2,2,8,0,0
281,2012,2012-05-23,RCB,RR,Bangalore,Bangalore,RCB,bat,RCB,normal,0,240,4,14,16,0,202,8,10,1,1,8,0,0
282,2012,2012-05-25,RPS,RCB,Jaipur,Jaipur,RPS,bat,RCB,normal,14,235,5,8,18,1,203,9,8,5,5,9,0,0
283,2012,2012-05-28,RR,PBKS,Bangalore,Bangalore,PBKS,bat,RR,normal,18,260,14,5,19,0,204,10,7,1,1,7,0,0
284,2012,2012-05-30,DC,KKR,Ahmedabad,Ahmedabad,DC,bat,DC,normal,13,212,5,8,17,0,205,1,4,0,0,1,0,0
285,2012,2012-06-02,SRH,RPS,Pune,Pune,RPS,bat,SRH,normal,1,223,12,11,18,0,206,11,9,10,10,9,0,0
286,2012,2012-06-04,RR,PBKS,Ahmedabad,Ahmedabad,RR,bat,RR,normal,49,305,5,6,19,0,207,10,7,0,0,10,0,0
287,2012,2012-06-07,CSK,RR,Ahmedabad,Ahmedabad,RR,field,RR,normal,17,342,10,8,19,1,208,0,10,0,0,10,1,0
288,2012,2012-06-09,GL,RCB,Delhi,Delhi,GL,bat,GL,normal,0,249,15,5,17,0,209,2,8,3,3,2,0,0
289,2012,2012-06-12,RPS,KTK,Kochi,Kochi,RPS,bat,RPS,normal,0,344,10,8,19,0,210,9,5,6,6,9,0,0
290,2012,2012-06-14,MI,SRH,Pune,Pune,MI,bat,MI,normal,20,229,13,10,18,0,212,6,11,10,10,6,0,0
291,2012,2012-06-17,PBKS,GT,Ahmedabad,Ahmedabad,GT,bat,GT,normal,11,273,9,11,19,1,213,7,3,0,0,3,0,0
292,2012,2012-06-19,RR,DC,Ahmedabad,Ahmedabad,RR,field,RR,normal,0,250,8,5,17,0,214,10,1,0,0,10,1,0
293,2012,2012-06-22,SRH,GL,Bangalore,Bangalore,SRH,bat,GL,normal,11,326,8,7,19,1,215,11,2,1,1,11,0,0
294,2012,2012-06-24,CSK,KKR,Mumbai,Mumbai,CSK,bat,KKR,normal,24,318,3,5,19,1,216,0,4,9,9,0,0,0
295,2012,2012-06-27,KTK,RPS,Jaipur,Jaipur,RPS,field,KTK,normal,8,256,13,6,19,0,217,5,9,5,5,9,1,0
296,2012,2012-06-29,MI,GT,Kochi,Kochi,MI,field,MI,normal,0,302,12,7,19,0,218,6,3,6,6,6,1,0
297,2012,2012-07-02,DC,KTK,Mohali,Mohali,KTK,bat,DC,normal,36,277,12,6,19,0,219,1,5,8,8,5,0,0
298,2012,2012-07-04,KTK,GL,Kolkata,Kolkata,KTK,bat,GL,normal,19,271,9,13,18,1,220,5,2,7,7,5,0,0
299,2012,2012-07-07,CSK,KKR,Ahmedabad,Ahmedabad,CSK,field,KKR,normal,1,270,13,7,16,1,221,0,4,0,0,0,1,0
300,2012,2012-07-09,MI,KKR,Ahmedabad,Ahmedabad,MI,field,MI,normal,27,255,4,12,18,0,224,6,4,0,0,6,1,0
301,2012,2012-07-12,GT,RR,Mohali,Mohali,GT,bat,RR,normal,0,131,2,10,17,1,225,3,10,8,8,3,0,0
302,2012,2012-07-14,GL,KTK,Mumbai,Mumbai,KTK,field,KTK,normal,43,258,4,7,16,1,226,2,5,9,9,5,1,0
303,2012,2012-07-17,RR,PBKS,Mohali,Mohali,RR,bat,PBKS,normal,18,211,5,5,15,1,227,10,7,8,8,10,0,0
304,2012,2012-07-19,RCB,MI,Bangalore,Bangalore,RCB,field,MI,normal,11,228,10,6,16,1,228,8,6,1,1,8,1,0
305,2012,2012-07-22,DC,SRH,Delhi,Delhi,SRH,bat,DC,normal,0,290,7,7,18,0,229,1,11,3,3,11,0,0
306,2012,2012-07-24,RCB,MI,Kolkata,Kolkata,MI,field,MI,normal,26,265,5,6,18,1,230,8,6,7,7,6,1,0
307,2012,2012-07-27,RR,SRH,Ahmedabad,Ahmedabad,RR,bat,RR,normal,7,266,8,5,19,0,231,10,11,0,0,10,0,0
308,2012,2012-07-29,KKR,RCB,Kolkata,Kolkata,RCB,bat,RCB,normal,0,257,3,10,18,1,232,4,8,7,7,8,0,0
309,2012,2012-08-01,RPS,SRH,Bangalore,Bangalore,SRH,bat,RPS,normal,22,292,10,14,19,0,233,9,11,1,1,11,0,0
310,2012,2012-08-03,KTK,RR,Hyderabad,Hyderabad,RR,bat,KTK,normal,25,270,11,3,18,0,235,5,10,4,4,10,0,0
311,2012,2012-08-06,SRH,RCB,Mumbai,Mumbai,RCB,field,SRH,normal,10,258,12,5,19,0,236,11,8,9,9,8,1,0
312,2012,2012-08-08,RCB,RR,Kolkata,Kolkata,RR,field,RCB,normal,41,294,3,6,18,0,237,8,10,7,7,10,1,0
313,2012,2012-08-11,PBKS,GL,Ahmedabad,Ahmedabad,PBKS,field,GL,normal,25,241,13,11,17,1,238,7,2,0,0,7,1,0
314,2012,2012-08-13,DC,CSK,Hyderabad,Hyderabad,DC,bat,CSK,normal,50,266,16,5,18,1,239,1,0,4,4,1,0,0
315,2012,2012-08-16,GT,CSK,Kolkata,Kolkata,GT,field,CSK,normal,23,224,7,7,17,1,240,3,0,7,7,3,1,0
316,2012,2012-08-18,GL,CSK,Mohali,Mohali,CSK,bat,GL,normal,7,261,8,9,18,0,241,2,0,8,8,0,0,0
317,2012,2012-08-21,KKR,GL,Kolkata,Kolkata,GL,bat,KKR,normal,34,277,7,6,18,0,242,4,2,7,7,2,0,0
318,2012,2012-08-23,RCB,PBKS,Mumbai,Mumbai,RCB,bat,RCB,normal,0,242,14,10,16,0,243,8,7,9,9,8,0,0
319,2012,2012-08-26,MI,PBKS,Kochi,Kochi,PBKS,field,PBKS,normal,4,272,10,8,17,1,244,6,7,6,6,7,1,0
320,2012,2012-08-28,RR,RPS,Hyderabad,Hyderabad,RPS,bat,RPS,normal,0,248,6,12,15,1,246,10,9,4,4,9,0,0
321,2012,2012-08-31,RR,DC,Delhi,Delhi,DC,bat,RR,normal,0,251,8,13,17,0,247,10,1,3,3,1,0,0
322,2012,2012-09-02,GL,KKR,Kochi,Kochi,GL,bat,GL,normal,5,301,9,8,18,0,248,2,4,6,6,2,0,0
323,2012,2012-09-05,RPS,MI,Kochi,Kochi,RPS,bat,MI,normal,1,347,10,2,18,1,249,9,6,6,6,9,0,0
324,2012,2012-09-07,MI,CSK,Mumbai,Mumbai,CSK,field,CSK,normal,29,269,11,12,18,1,250,6,0,9,9,0,1,0
325,2012,2012-09-10,RR,MI,Hyderabad,Hyderabad,RR,field,RR,normal,11,261,4,6,18,0,251,10,6,4,4,10,1,0
326,2013,2013-03-17,PBKS,RCB,Jaipur,Jaipur,PBKS,field,PBKS,normal,0,276,8,14,19,0,252,7,8,5,5,7,1,0
327,2013,2013-03-19,SRH,CSK,Jaipur,Jaipur,SRH,bat,SRH,normal,39,255,7,7,19,0,253,11,0,5,5,11,0,0
328,2013,2013-03-22,RR,GT,Ahmedabad,Ahmedabad,RR,bat,GT,normal,10,284,3,11,19,1,254,10,3,0,0,10,0,0
329,2013,2013-03-24,SRH,RCB,Mumbai,Mumbai,RCB,field,RCB,normal,1,241,9,9,19,1,255,11,8,9,9,8,1,0
330,2013,2013-03-27,RCB,RPS,Delhi,Delhi,RPS,field,RCB,normal,4,265,6,11,17,0,257,8,9,3,3,9,1,0
331,2013,2013-03-29,MI,RPS,Ahmedabad,Ahmedabad,RPS,bat,RPS,normal,12,262,3,9,18,1,258,6,9,0,0,9,0,0
332,2013,2013-04-01,SRH,DC,Kolkata,Kolkata,SRH,bat,DC,normal,37,279,9,4,18,1,259,11,1,7,7,11,0,0
333,2013,2013-04-03,RR,GL,Kolkata,Kolkata,GL,bat,RR,normal,17,272,9,10,18,0,260,10,2,7,7,2,0,0
334,2013,2013-04-06,KTK,CSK,Ahmedabad,Ahmedabad,KTK,bat,KTK,normal,8,294,10,9,19,0,261,5,0,0,0,5,0,0
335,2013,2013-04-08,RR,MI,Kochi,Kochi,MI,field,MI,normal,0,220,7,12,18,1,262,10,6,6,6,6,1,0
336,2013,2013-04-11,MI,KTK,Jaipur,Jaipur,KTK,bat,KTK,normal,11,232,14,8,18,1,263,6,5,5,5,5,0,0
337,2013,2013-04-13,GT,RR,Chennai,Chennai,GT,bat,RR,normal,0,274,4,10,19,1,264,3,10,2,2,3,0,0
338,2013,2013-04-16,DC,GT,Mohali,Mohali,GT,field,GT,normal,0,232,9,7,17,1,265,1,3,8,8,3,1,0
339,2013,2013-04-18,RCB,GL,Pune,Pune,RCB,bat,GL,normal,13,319,3,10,19,1,266,8,2,10,10,8,0,0
340,2013,2013-04-21,PBKS,CSK,Mohali,Mohali,PBKS,bat,CSK,normal,9,279,12,11,16,1,268,7,0,8,8,7,0,0
341,2013,2013-04-23,SRH,PBKS,Delhi,Delhi,PBKS,bat,PBKS,normal,39,260,9,1,19,1,269,11,7,3,3,7,0,0
342,2013,2013-04-26,SRH,GT,Mohali,Mohali,GT,field,SRH,normal,33,273,8,5,18,0,270,11,3,8,8,3,1,0
343,2013,2013-04-28,GL,CSK,Bangalore,Bangalore,GL,field,GL,normal,13,296,5,5,17,0,271,2,0,1,1,2,1,0
344,2013,2013-05-01,KKR,DC,Mohali,Mohali,KKR,bat,DC,normal,0,218,8,10,16,1,272,4,1,8,8,4,0,0
345,2013,2013-05-03,SRH,RCB,Hyderabad,Hyderabad,SRH,field,RCB,normal,6,272,10,12,18,1,273,11,8,4,4,11,1,0
346,2013,2013-05-06,GL,KKR,Kolkata,Kolkata,KKR,bat,GL,normal,7,266,7,5,19,0,274,2,4,7,7,4,0,0
347,2013,2013-05-08,RPS,CSK,Hyderabad,Hyderabad,RPS,bat,RPS,normal,0,298,12,4,18,0,275,9,0,4,4,9,0,0
348,2013,2013-05-11,DC,RPS,Delhi,Delhi,RPS,bat,RPS,normal,12,239,4,5,16,1,276,1,9,3,3,9,0,0
349,2013,2013-05-13,GL,RR,Pune,Pune,RR,field,GL,normal,0,299,10,4,19,0,277,2,10,10,10,10,1,0
350,2013,2013-05-16,MI,PBKS,Delhi,Delhi,PBKS,bat,PBKS,normal,0,226,8,5,16,1,279,6,7,3,3,7,0,0
351,2013,2013-05-18,CSK,GL,Jaipur,Jaipur,CSK,field,GL,normal,0,255,7,10,16,1,280,0,2,5,5,0,1,0
352,2013,2013-05-21,RR,KTK,Jaipur,Jaipur,KTK,bat,RR,normal,38,234,9,15,19,0,281,10,5,5,5,5,0,0
353,2013,2013-05-23,SRH,RPS,Mohali,Mohali,RPS,bat,RPS,normal,11,213,5,11,19,1,282,11,9,8,8,9,0,0
354,2013,2013-05-26,KTK,GT,Bangalore,Bangalore,GT,bat,GT,normal,42,279,6,5,18,1,283,5,3,1,1,3,0,0
355,2013,2013-05-28,PBKS,KTK,Delhi,Delhi,PBKS,bat,KTK,normal,4,224,11,8,15,1,284,7,5,3,3,7,0,0
356,2013,2013-05-31,MI,RPS,Jaipur,Jaipur,MI,bat,RPS,normal,27,300,14,11,17,1,285,6,9,5,5,6,0,0
357,2013,2013-06-02,SRH,RCB,Mohali,Mohali,RCB,bat,SRH,normal,3,256,9,7,18,0,286,11,8,8,8,8,0,0
358,2013,2013-06-05,SRH,DC,Kolkata,Kolkata,SRH,bat,SRH,normal,6,274,8,10,18,0,287,11,1,7,7,11,0,0
359,2013,2013-06-07,RR,KTK,Hyderabad,Hyderabad,RR,field,KTK,normal,0,289,4,8,18,1,288,10,5,4,4,10,1,0
360,2013,2013-06-10,GT,KKR,Mumbai,Mumbai,KKR,field,GT,normal,41,274,8,11,19,0,290,3,4,9,9,4,1,0
361,2013,2013-06-12,GL,DC,Bangalore,Bangalore,DC,field,GL,normal,10,238,6,4,17,0,291,2,1,1,1,1,1,0
362,2013,2013-06-15,RCB,PBKS,Hyderabad,Hyderabad,PBKS,bat,PBKS,normal,49,268,12,12,18,1,292,8,7,4,4,7,0,0
363,2013,2013-06-17,RCB,KKR,Mumbai,Mumbai,RCB,field,RCB,normal,0,299,7,14,19,0,293,8,4,9,9,8,1,0
364,2013,2013-06-20,GT,GL,Mumbai,Mumbai,GT,bat,GT,normal,0,285,2,9,19,0,294,3,2,9,9,3,0,0
365,2013,2013-06-22,RR,MI,Ahmedabad,Ahmedabad,RR,field,MI,normal,31,264,6,14,17,1,295,10,6,0,0,10,1,0
366,2013,2013-06-25,GT,DC,Pune,Pune,GT,field,GT,normal,0,244,8,8,17,0,296,3,1,10,10,3,1,0
367,2013,2013-06-27,KKR,GL,Kolkata,Kolkata,GL,field,GL,normal,7,303,14,10,19,1,297,4,2,7,7,2,1,0
368,2013,2013-06-30,KKR,SRH,Mohali,Mohali,KKR,bat,KKR,normal,0,220,8,9,16,0,298,4,11,8,8,4,0,0
369,2013,2013-07-02,RCB,MI,Ahmedabad,Ahmedabad,RCB,field,RCB,normal,4,315,5,5,17,0,299,8,6,0,0,8,1,0
370,2013,2013-07-05,SRH,CSK,Chennai,Chennai,CSK,field,SRH,normal,10,264,9,5,18,0,301,11,0,2,2,0,1,0
371,2013,2013-07-07,CSK,KTK,Bangalore,Bangalore,KTK,bat,CSK,normal,12,237,4,7,15,0,302,0,5,1,1,5,0,0
372,2013,2013-07-10,MI,RR,Jaipur,Jaipur,RR,field,RR,normal,0,312,20,4,18,1,303,6,10,5,5,10,1,0
373,2013,2013-07-12,MI,RCB,Mumbai,Mumbai,RCB,field,MI,normal,0,304,14,10,19,0,304,6,8,9,9,8,1,0
374,2013,2013-07-15,PBKS,GL,Mumbai,Mumbai,GL,field,PBKS,normal,31,293,11,10,18,0,305,7,2,9,9,2,1,0
375,2013,2013-07-17,PBKS,CSK,Kochi,Kochi,PBKS,field,PBKS,normal,0,307,7,10,19,0,306,7,0,6,6,7,1,0
376,2013,2013-07-20,PBKS,RPS,Kochi,Kochi,PBKS,bat,RPS,normal,0,301,8,8,19,1,307,7,9,6,6,7,0,0
377,2013,2013-07-22,SRH,KTK,Bangalore,Bangalore,SRH,field,SRH,normal,16,231,7,6,17,0,308,11,5,1,1,11,1,0
378,2013,2013-07-25,KKR,GT,Kochi,Kochi,GT,field,GT,normal,26,244,6,10,16,1,309,4,3,6,6,3,1,0
379,2013,2013-07-27,SRH,KTK,Mohali,Mohali,KTK,field,SRH,normal,32,295,5,6,17,0,310,11,5,8,8,5,1,0
380,2013,2013-07-30,MI,GL,Pune,Pune,GL,field,GL,normal,33,242,2,9,19,1,312,6,2,10,10,2,1,0
381,2013,2013-08-01,KKR,SRH,Mohali,Mohali,SRH,bat,SRH,normal,0,265,5,10,18,1,313,4,11,8,8,11,0,0
382,2013,2013-08-04,CSK,PBKS,Mohali,Mohali,CSK,bat,PBKS,normal,17,338,11,8,19,1,314,0,7,8,8,0,0,0
383,2013,2013-08-06,KTK,RR,Chennai,Chennai,KTK,field,RR,normal,40,270,5,8,19,1,315,5,10,2,2,5,1,0
384,2014,2014-04-06,PBKS,MI,Jaipur,Jaipur,MI,field,PBKS,normal,41,273,9,11,17,0,316,7,6,5,5,6,1,0
385,2014,2014-04-08,RCB,SRH,Mumbai,Mumbai,SRH,bat,RCB,normal,0,247,10,8,19,0,317,8,11,9,9,11,0,0
386,2014,2014-04-11,RCB,MI,Jaipur,Jaipur,RCB,field,MI,normal,13,236,21,11,19,1,318,8,6,5,5,8,1,0
387,2014,2014-04-13,DC,SRH,Bangalore,Bangalore,SRH,field,DC,normal,0,234,8,10,17,0,319,1,11,1,1,11,1,0
388,2014,2014-04-16,RPS,KKR,Kolkata,Kolkata,KKR,bat,RPS,normal,0,287,10,9,18,0,320,9,4,7,7,4,0,0
389,2014,2014-04-18,RCB,GT,Ahmedabad,Ahmedabad,GT,field,GT,normal,4,248,12,10,18,1,321,8,3,0,0,3,1,0
390,2014,2014-04-21,GT,DC,Jaipur,Jaipur,DC,bat,GT,normal,34,283,11,10,19,0,323,3,1,5,5,1,0,0
391,2014,2014-04-23,DC,RCB,Delhi,Delhi,RCB,bat,RCB,normal,0,285,9,5,19,1,324,1,8,3,3,8,0,0
392,2014,2014-04-26,SRH,MI,Pune,Pune,SRH,field,SRH,normal,18,205,2,7,15,0,325,11,6,10,10,11,1,0
393,2014,2014-04-28,RR,KTK,Jaipur,Jaipur,KTK,bat,KTK,normal,36,215,10,10,15,1,326,10,5,5,5,5,0,0
394,2014,2014-05-01,SRH,KKR,Kochi,Kochi,SRH,bat,KKR,normal,0,279,9,6,19,1,327,11,4,6,6,11,0,0
395,2014,2014-05-03,RPS,MI,Bangalore,Bangalore,MI,bat,RPS,normal,48,302,14,7,19,0,328,9,6,1,1,6,0,0
396,2014,2014-05-06,RCB,KTK,Pune,Pune,RCB,bat,KTK,normal,11,279,8,5,19,1,329,8,5,10,10,8,0,0
397,2014,2014-05-08,CSK,RPS,Pune,Pune,RPS,bat,RPS,normal,0,276,6,11,19,1,330,0,9,10,10,9,0,0
398,2014,2014-05-11,KKR,RCB,Ahmedabad,Ahmedabad,RCB,bat,KKR,normal,6,266,5,9,18,0,331,4,8,0,0,8,0,0
399,2014,2014-05-13,RPS,PBKS,Mohali,Mohali,PBKS,bat,PBKS,normal,0,272,7,6,17,1,332,9,7,8,8,7,0,0
400,2014,2014-05-16,KKR,RPS,Pune,Pune,KKR,field,KKR,normal,11,282,12,7,18,0,335,4,9,10,10,4,1,0
401,2014,2014-05-18,CSK,GT,Mohali,Mohali,CSK,field,GT,normal,2,289,17,5,19,1,336,0,3,8,8,0,1,0
402,2014,2014-05-21,RCB,GT,Ahmedabad,Ahmedabad,RCB,field,RCB,normal,41,269,3,8,15,0,337,8,3,0,0,8,1,0
403,2014,2014-05-23,KTK,RR,Kochi,Kochi,RR,field,KTK,normal,48,276,3,6,17,0,338,5,10,6,6,10,1,0
404,2014,2014-05-26,RCB,DC,Ahmedabad,Ahmedabad,DC,field,RCB,normal,8,280,7,5,17,0,339,8,1,0,0,1,1,0
405,2014,2014-05-28,PBKS,CSK,Jaipur,Jaipur,PBKS,bat,PBKS,normal,0,284,14,6,18,0,340,7,0,5,5,7,0,0
406,2014,2014-05-31,GT,MI,Delhi,Delhi,MI,field,MI,normal,3,136,2,11,19,1,341,3,6,3,3,6,1,0
407,2014,2014-06-02,SRH,RCB,Ahmedabad,Ahmedabad,RCB,bat,SRH,normal,0,250,6,11,19,0,342,11,8,0,0,8,0,0
408,2014,2014-06-05,KTK,RPS,Mohali,Mohali,KTK,bat,KTK,normal,36,245,3,7,16,0,343,5,9,8,8,5,0,0
409,2014,2014-06-07,GT,KTK,Chennai,Chennai,KTK,bat,KTK,normal,14,296,8,11,19,1,344,3,5,2,2,5,0,0
410,2014,2014-06-10,DC,KKR,Chennai,Chennai,KKR,bat,DC,normal,43,235,11,10,17,0,346,1,4,2,2,4,0,0
411,2014,2014-06-12,MI,KKR,Pune,Pune,MI,bat,KKR,normal,22,298,13,8,19,1,347,6,4,10,10,6,0,0
412,2014,2014-06-15,KKR,PBKS,Hyderabad,Hyderabad,PBKS,bat,PBKS,normal,0,219,3,12,19,1,348,4,7,4,4,7,0,0
413,2014,2014-06-17,PBKS,RR,Bangalore,Bangalore,RR,field,PBKS,normal,21,311,10,8,18,0,349,7,10,1,1,10,1,0
414,2014,2014-06-20,KTK,PBKS,Hyderabad,Hyderabad,PBKS,bat,PBKS,normal,12,255,11,3,19,1,350,5,7,4,4,7,0,0
415,2014,2014-06-22,DC,RCB,Ahmedabad,Ahmedabad,DC,bat,DC,normal,0,292,12,7,17,0,351,1,8,0,0,1,0,0
416,2014,2014-06-25,GL,KTK,Jaipur,Jaipur,KTK,bat,GL,normal,18,290,11,8,18,0,352,2,5,5,5,5,0,0
417,2014,2014-06-27,GL,DC,Bangalore,Bangalore,DC,field,DC,normal,33,312,15,4,18,1,353,2,1,1,1,1,1,0
418,2014,2014-06-30,GL,RPS,Bangalore,Bangalore,GL,field,GL,normal,29,270,3,7,17,0,354,2,9,1,1,2,1,0
419,2014,2014-07-02,SRH,KKR,Chennai,Chennai,SRH,field,KKR,normal,24,267,8,10,17,1,355,11,4,2,2,11,1,0
420,2014,2014-07-05,CSK,KTK,Kochi,Kochi,KTK,field,KTK,normal,0,300,13,10,19,1,357,0,5,6,6,5,1,0
421,2014,2014-07-07,RR,RPS,Jaipur,Jaipur,RPS,field,RPS,normal,0,221,7,15,19,1,358,10,9,5,5,9,1,0
422,2014,2014-07-10,RR,PBKS,Mohali,Mohali,RR,field,PBKS,normal,31,225,19,6,19,1,359,10,7,8,8,10,1,0
423,2014,2014-07-12,RPS,DC,Kolkata,Kolkata,RPS,bat,RPS,normal,6,237,6,7,19,0,360,9,1,7,7,9,0,0
424,2014,2014-07-15,MI,SRH,Kochi,Kochi,MI,field,SRH,normal,0,266,12,9,18,1,361,6,11,6,6,6,1,0
425,2014,2014-07-17,GL,KTK,Bangalore,Bangalore,GL,bat,GL,normal,41,233,12,10,17,0,362,2,5,1,1,2,0,0
426,2014,2014-07-20,GT,RR,Pune,Pune,GT,field,GT,normal,47,266,12,10,17,0,363,3,10,10,10,3,1,0
427,2014,2014-07-22,SRH,RCB,Kolkata,Kolkata,SRH,field,RCB,normal,0,268,9,2,17,1,364,11,8,7,7,11,1,0
428,2014,2014-07-25,SRH,GL,Pune,Pune,SRH,bat,SRH,normal,13,250,8,8,19,0,365,11,2,10,10,11,0,0
429,2014,2014-07-27,GT,RPS,Jaipur,Jaipur,RPS,bat,GT,normal,39,256,13,10,18,0,366,3,9,5,5,9,0,0
430,2014,2014-07-30,MI,KTK,Hyderabad,Hyderabad,KTK,field,MI,normal,39,251,7,8,18,0,368,6,5,4,4,5,1,0
431,2014,2014-08-01,GT,RR,Kolkata,Kolkata,GT,field,RR,normal,13,239,11,11,19,1,369,3,10,7,7,3,1,0
432,2014,2014-08-04,KKR,MI,Delhi,Delhi,KKR,bat,MI,normal,17,207,8,7,19,1,370,4,6,3,3,4,0,0
433,2014,2014-08-06,KKR,PBKS,Jaipur,Jaipur,PBKS,field,PBKS,normal,5,240,8,9,17,1,371,4,7,5,5,7,1,0
434,2014,2014-08-09,PBKS,GL,Delhi,Delhi,GL,bat,GL,normal,7,273,2,9,18,1,372,7,2,3,3,2,0,0
435,2014,2014-08-11,DC,KTK,Pune,Pune,DC,bat,KTK,normal,0,269,13,6,18,1,373,1,5,10,10,1,0,0
436,2014,2014-08-14,KTK,RCB,Chennai,Chennai,KTK,bat,KTK,normal,13,314,7,7,19,0,374,5,8,2,2,5,0,0
437,2014,2014-08-16,MI,RCB,Hyderabad,Hyderabad,MI,field,RCB,normal,3,267,11,8,18,1,375,6,8,4,4,6,1,0
438,2014,2014-08-19,RR,KTK,Pune,Pune,RR,field,KTK,normal,46,271,15,10,19,1,376,10,5,10,10,10,1,0
439,2014,2014-08-21,RPS,GT,Delhi,Delhi,RPS,bat,RPS,normal,0,303,2,10,19,0,377,9,3,3,3,9,0,0
440,2014,2014-08-24,RPS,CSK,Bangalore,Bangalore,CSK,field,RPS,normal,13,291,13,14,19,0,379,9,0,1,1,0,1,0
441,2014,2014-08-26,KTK,MI,Chennai,Chennai,MI,field,MI,normal,0,276,16,5,19,1,380,5,6,2,2,6,1,0
442,2014,2014-08-29,GL,KKR,Hyderabad,Hyderabad,GL,field,KKR,normal,1,248,8,10,16,1,381,2,4,4,4,2,1,0
443,2014,2014-08-31,GT,DC,Mohali,Mohali,DC,field,GT,normal,0,236,8,11,17,0,382,3,1,8,8,1,1,0
444,2014,2014-09-03,KKR,PBKS,Hyderabad,Hyderabad,KKR,field,PBKS,normal,1,249,10,11,18,1,383,4,7,4,4,4,1,0
445,2015,2015-04-05,KTK,KKR,Mohali,Mohali,KTK,field,KKR,normal,0,225,15,7,16,1,384,5,4,8,8,5,1,0
446,2015,2015-04-07,RPS,PBKS,Chennai,Chennai,RPS,field,RPS,normal,11,239,4,12,16,0,385,9,7,2,2,9,1,0
447,2015,2015-04-10,KKR,SRH,Kolkata,Kolkata,KKR,bat,KKR,normal,8,300,4,5,19,0,386,4,11,7,7,4,0,0
448,2015,2015-04-12,GL,PBKS,Bangalore,Bangalore,PBKS,bat,GL,normal,0,274,12,12,17,0,387,2,7,1,1,7,0,0
449,2015,2015-04-15,CSK,SRH,Mohali,Mohali,SRH,bat,SRH,normal,19,282,6,8,19,1,388,0,11,8,8,11,0,0
450,2015,2015-04-17,DC,RR,Kolkata,Kolkata,RR,bat,DC,normal,17,291,7,10,17,0,390,1,10,7,7,10,0,0
451,2015,2015-04-20,RPS,RCB,Hyderabad,Hyderabad,RCB,bat,RPS,normal,17,230,13,10,17,0,391,9,8,4,4,8,0,0
452,2015,2015-04-22,GL,MI,Mohali,Mohali,MI,bat,MI,normal,40,224,4,6,18,1,392,2,6,8,8,6,0,0
453,2015,2015-04-25,PBKS,KTK,Bangalore,Bangalore,KTK,field,KTK,normal,7,281,9,9,19,1,393,7,5,1,1,5,1,0
454,2015,2015-04-27,RCB,GL,Bangalore,Bangalore,GL,field,RCB,normal,7,260,8,8,18,0,394,8,2,1,1,2,1,0
455,2015,2015-04-30,KTK,RCB,Hyderabad,Hyderabad,KTK,field,KTK,normal,14,234,9,6,15,0,395,5,8,4,4,5,1,0
456,2015,2015-05-02,GT,GL,Mumbai,Mumbai,GT,field,GL,normal,7,278,11,10,19,1,396,3,2,9,9,3,1,0
457,2015,2015-05-05,SRH,PBKS,Delhi,Delhi,PBKS,field,PBKS,normal,0,291,14,7,19,1,397,11,7,3,3,7,1,0
458,2015,2015-05-07,RPS,GL,Kolkata,Kolkata,GL,field,RPS,normal,10,246,7,13,17,0,398,9,2,7,7,2,1,0
459,2015,2015-05-10,MI,RR,Pune,Pune,RR,field,RR,normal,30,281,6,8,18,1,399,6,10,10,10,10,1,0
460,2015,2015-05-12,MI,KTK,Bangalore,Bangalore,KTK,field,KTK,normal,11,264,2,5,17,1,401,6,5,1,1,5,1,0
461,2015,2015-05-15,SRH,PBKS,Pune,Pune,SRH,bat,PBKS,normal,27,270,16,5,18,1,402,11,7,10,10,11,0,0
462,2015,2015-05-17,KTK,MI,Kolkata,Kolkata,KTK,field,KTK,normal,26,298,13,5,18,0,403,5,6,7,7,5,1,0
463,2015,2015-05-20,RR,GT,Chennai,Chennai,RR,field,RR,normal,17,224,9,9,17,0,404,10,3,2,2,10,1,0
464,2015,2015-05-22,DC,SRH,Kochi,Kochi,DC,bat,DC,normal,9,284,22,7,19,0,405,1,11,6,6,1,0,0
465,2015,2015-05-25,PBKS,SRH,Hyderabad,Hyderabad,PBKS,field,SRH,normal,36,251,10,8,19,1,406,7,11,4,4,7,1,0
466,2015,2015-05-27,GL,RR,Ahmedabad,Ahmedabad,GL,bat,RR,normal,0,244,3,7,15,1,407,2,10,0,0,2,0,0
467,2015,2015-05-30,DC,RCB,Delhi,Delhi,RCB,field,DC,normal,1,262,4,9,19,0,408,1,8,3,3,8,1,0
468,2015,2015-06-01,SRH,KTK,Delhi,Delhi,SRH,bat,SRH,normal,14,275,4,8,16,0,409,11,5,3,3,11,0,0
469,2015,2015-06-04,GT,RR,Jaipur,Jaipur,GT,field,GT,normal,13,258,8,6,17,0,410,3,10,5,5,3,1,0
470,2015,2015-06-06,GT,GL,Kochi,Kochi,GL,bat,GL,normal,18,239,8,4,16,1,412,3,2,6,6,2,0,0
471,2015,2015-06-09,DC,MI,Kochi,Kochi,MI,bat,MI,normal,15,275,4,8,19,1,413,1,6,6,6,6,0,0
472,2015,2015-06-11,GT,CSK,Bangalore,Bangalore,CSK,bat,GT,normal,19,327,5,10,18,0,414,3,0,1,1,0,0,0
473,2015,2015-06-14,SRH,KKR,Mohali,Mohali,KKR,bat,KKR,normal,16,243,8,9,17,1,415,11,4,8,8,4,0,0
474,2015,2015-06-16,RCB,CSK,Delhi,Delhi,RCB,bat,CSK,normal,18,254,5,9,16,1,416,8,0,3,3,8,0,0
475,2015,2015-06-19,RR,CSK,Chennai,Chennai,RR,bat,RR,normal,25,333,14,8,19,0,417,10,0,2,2,10,0,0
476,2015,2015-06-21,GT,RPS,Kolkata,Kolkata,GT,bat,RPS,normal,10,264,9,8,18,1,418,3,9,7,7,3,0,0
477,2015,2015-06-24,MI,DC,Hyderabad,Hyderabad,MI,bat,DC,normal,13,319,7,12,19,1,419,6,1,4,4,6,0,0
478,2015,2015-06-26,CSK,RCB,Delhi,Delhi,CSK,field,CSK,normal,26,243,12,16,18,0,420,0,8,3,3,0,1,0
479,2015,2015-06-29,MI,KKR,Bangalore,Bangalore,MI,bat,KKR,normal,20,284,2,12,16,1,421,6,4,1,1,6,0,0
480,2015,2015-07-01,GT,MI,Bangalore,Bangalore,MI,field,MI,normal,0,270,6,10,19,1,423,3,6,1,1,6,1,0
481,2015,2015-07-04,RR,PBKS,Bangalore,Bangalore,PBKS,field,PBKS,normal,0,262,10,9,18,1,424,10,7,1,1,7,1,0
482,2015,2015-07-06,GL,RCB,Ahmedabad,Ahmedabad,GL,bat,RCB,normal,15,313,9,7,19,1,425,2,8,0,0,2,0,0
483,2015,2015-07-09,DC,GT,Mohali,Mohali,DC,bat,GT,normal,17,273,5,4,18,1,426,1,3,8,8,1,0,0
484,2015,2015-07-11,GL,KKR,Mohali,Mohali,GL,field,GL,normal,18,272,3,4,18,0,427,2,4,8,8,2,1,0
485,2015,2015-07-14,DC,PBKS,Jaipur,Jaipur,DC,bat,PBKS,normal,0,283,5,11,19,1,428,1,7,5,5,1,0,0
486,2015,2015-07-16,CSK,KKR,Chennai,Chennai,KKR,field,KKR,normal,13,206,7,7,17,1,429,0,4,2,2,4,1,0
487,2015,2015-07-19,DC,CSK,Mohali,Mohali,DC,field,DC,normal,39,259,9,10,18,0,430,1,0,8,8,1,1,0
488,2015,2015-07-21,SRH,RPS,Mumbai,Mumbai,SRH,field,RPS,normal,14,309,14,11,18,1,431,11,9,9,9,11,1,0
489,2015,2015-07-24,DC,MI,Kolkata,Kolkata,MI,bat,DC,normal,0,262,2,8,19,0,432,1,6,7,7,6,0,0
490,2015,2015-07-26,GL,RPS,Bangalore,Bangalore,RPS,field,RPS,normal,0,267,7,8,17,1,434,2,9,1,1,9,1,0
491,2015,2015-07-29,MI,RCB,Bangalore,Bangalore,MI,field,RCB,normal,0,260,9,12,18,1,435,6,8,1,1,6,1,0
492,2015,2015-07-31,GT,PBKS,Mohali,Mohali,PBKS,bat,PBKS,normal,0,217,9,5,19,1,436,3,7,8,8,7,0,0
493,2015,2015-08-03,GT,DC,Mohali,Mohali,GT,field,DC,normal,29,207,14,3,19,1,437,3,1,8,8,3,1,0
494,2015,2015-08-05,DC,CSK,Delhi,Delhi,CSK,bat,DC,normal,14,256,8,6,17,0,438,1,0,3,3,0,0,0
495,2015,2015-08-08,RCB,KTK,Delhi,Delhi,KTK,field,KTK,normal,38,288,4,6,19,1,439,8,5,3,3,5,1,0
496,2015,2015-08-10,KKR,MI,Mohali,Mohali,KKR,field,MI,normal,0,286,6,8,18,1,440,4,6,8,8,4,1,0
497,2015,2015-08-13,RR,MI,Mumbai,Mumbai,RR,bat,MI,normal,14,276,11,10,17,1,441,10,6,9,9,10,0,0
498,2015,2015-08-15,CSK,RPS,Kochi,Kochi,CSK,field,RPS,normal,0,284,3,8,19,1,442,0,9,6,6,0,1,0
499,2015,2015-08-18,GT,KKR,Bangalore,Bangalore,GT,bat,GT,normal,13,295,14,10,19,0,443,3,4,1,1,3,0,0
500,2015,2015-08-20,RCB,KTK,Mohali,Mohali,RCB,field,RCB,normal,0,241,16,5,17,0,446,8,5,8,8,8,1,0
501,2015,2015-08-23,RR,RCB,Bangalore,Bangalore,RCB,bat,RCB,normal,7,274,9,5,19,1,447,10,8,1,1,8,0,0
502,2015,2015-08-25,GT,KKR,Kolkata,Kolkata,GT,bat,GT,normal,14,264,10,11,18,0,448,3,4,7,7,3,0,0
503,2015,2015-08-28,PBKS,KKR,Mohali,Mohali,PBKS,field,KKR,normal,1,261,9,5,18,1,449,7,4,8,8,7,1,0
504,2015,2015-08-30,SRH,GL,Bangalore,Bangalore,GL,bat,GL,normal,3,260,15,6,19,1,450,11,2,1,1,2,0,0
505,2015,2015-09-02,MI,CSK,Kolkata,Kolkata,MI,field,MI,normal,1,306,11,6,18,0,451,6,0,7,7,6,1,0
506,2015,2015-09-04,KKR,GT,Kolkata,Kolkata,GT,bat,KKR,normal,17,300,7,9,19,0,452,4,3,7,7,3,0,0
507,2016,2016-04-02,RPS,GT,Mumbai,Mumbai,RPS,field,GT,normal,2,250,4,9,19,1,453,9,3,9,9,9,1,0
508,2016,2016-04-04,CSK,MI,Jaipur,Jaipur,CSK,field,MI,normal,43,244,9,12,18,1,454,0,6,5,5,0,1,0
509,2016,2016-04-07,KKR,RR,Ahmedabad,Ahmedabad,KKR,bat,KKR,normal,0,267,10,10,18,0,455,4,10,0,0,4,0,0
510,2016,2016-04-09,GT,CSK,Mumbai,Mumbai,CSK,field,GT,normal,10,240,11,4,16,0,457,3,0,9,9,0,1,0
511,2016,2016-04-12,RPS,PBKS,Mohali,Mohali,RPS,field,PBKS,normal,17,277,8,6,18,1,458,9,7,8,8,9,1,0
512,2016,2016-04-14,CSK,GT,Delhi,Delhi,CSK,bat,CSK,normal,11,275,2,11,17,0,459,0,3,3,3,0,0,0
513,2016,2016-04-17,RPS,GL,Kochi,Kochi,RPS,field,RPS,normal,0,138,8,11,18,0,460,9,2,6,6,9,1,0
514,2016,2016-04-19,PBKS,SRH,Ahmedabad,Ahmedabad,PBKS,bat,PBKS,normal,0,293,5,9,17,0,461,7,11,0,0,7,0,0
515,2016,2016-04-22,GT,RCB,Jaipur,Jaipur,RCB,bat,GT,normal,42,257,7,4,19,0,462,3,8,5,5,8,0,0
516,2016,2016-04-24,MI,RCB,Mohali,Mohali,RCB,field,MI,normal,1,235,13,11,18,0,463,6,8,8,8,8,1,0
517,2016,2016-04-27,RPS,DC,Bangalore,Bangalore,RPS,field,RPS,normal,7,272,6,10,18,0,464,9,1,1,1,9,1,0
518,2016,2016-04-29,GL,KKR,Kolkata,Kolkata,KKR,bat,GL,normal,0,142,2,11,16,0,465,2,4,7,7,4,0,0
519,2016,2016-05-02,KTK,RPS,Mohali,Mohali,KTK,bat,KTK,normal,16,239,7,4,16,0,466,5,9,8,8,5,0,0
520,2016,2016-05-04,CSK,DC,Jaipur,Jaipur,CSK,bat,CSK,normal,48,236,3,13,18,0,468,0,1,5,5,0,0,0
521,2016,2016-05-07,GL,SRH,Mohali,Mohali,GL,field,SRH,normal,14,331,10,6,19,1,469,2,11,8,8,2,1,0
522,2016,2016-05-09,KTK,GL,Pune,Pune,GL,bat,KTK,normal,4,247,15,8,16,0,470,5,2,10,10,2,0,0
523,2016,2016-05-12,GT,RR,Mumbai,Mumbai,RR,field,RR,normal,34,322,3,4,19,1,471,3,10,9,9,10,1,0
524,2016,2016-05-14,DC,SRH,Bangalore,Bangalore,DC,field,SRH,normal,19,298,10,7,19,1,472,1,11,1,1,1,1,0
525,2016,2016-05-17,KTK,GT,Chennai,Chennai,KTK,field,KTK,normal,0,244,17,6,17,0,473,5,3,2,2,5,1,0
526,2016,2016-05-19,RCB,SRH,Pune,Pune,SRH,bat,RCB,normal,3,338,10,10,19,0,474,8,11,10,10,11,0,0
527,2016,2016-05-22,MI,SRH,Kochi,Kochi,SRH,bat,SRH,normal,0,209,3,12,17,1,475,6,11,6,6,11,0,0
528,2016,2016-05-24,RCB,PBKS,Pune,Pune,RCB,field,RCB,normal,11,288,9,6,18,0,476,8,7,10,10,8,1,0
529,2016,2016-05-27,SRH,DC,Kochi,Kochi,SRH,field,SRH,normal,8,265,4,6,16,0,477,11,1,6,6,11,1,0
530,2016,2016-05-29,SRH,GT,Mumbai,Mumbai,GT,field,GT,normal,0,255,3,1,16,1,479,11,3,9,9,3,1,0
531,2016,2016-06-01,GL,CSK,Kolkata,Kolkata,GL,bat,CSK,normal,40,256,8,13,19,1,480,2,0,7,7,2,0,0
532,2016,2016-06-03,CSK,RCB,Mumbai,Mumbai,CSK,field,RCB,normal,22,266,9,6,19,1,481,0,8,9,9,0,1,0
533,2016,2016-06-06,DC,GL,Kochi,Kochi,DC,bat,DC,normal,19,258,10,10,18,0,482,1,2,6,6,1,0,0
534,2016,2016-06-08,RR,MI,Jaipur,Jaipur,RR,field,RR,normal,19,224,5,9,18,0,483,10,6,5,5,10,1,0
535,2016,2016-06-11,KKR,KTK,Pune,Pune,KKR,field,KKR,normal,0,282,8,11,19,0,484,4,5,10,10,4,1,0
536,2016,2016-06-13,KTK,DC,Jaipur,Jaipur,DC,bat,DC,normal,0,302,7,4,18,1,485,5,1,5,5,1,0,0
537,2016,2016-06-16,KTK,RPS,Hyderabad,Hyderabad,RPS,bat,RPS,normal,12,265,5,6,17,1,486,5,9,4,4,9,0,0
538,2016,2016-06-18,RPS,MI,Kolkata,Kolkata,MI,bat,MI,normal,2,291,9,4,17,1,487,9,6,7,7,6,0,0
539,2016,2016-06-21,DC,KTK,Chennai,Chennai,KTK,bat,KTK,normal,0,225,6,6,15,1,488,1,5,2,2,5,0,0
540,2016,2016-06-23,RR,GL,Pune,Pune,GL,field,RR,normal,7,256,8,9,19,0,490,10,2,10,10,2,1,0
541,2016,2016-06-26,RPS,RCB,Hyderabad,Hyderabad,RCB,field,RPS,normal,0,255,1,11,18,0,491,9,8,4,4,8,1,0
542,2016,2016-06-28,KTK,CSK,Ahmedabad,Ahmedabad,KTK,bat,CSK,normal,0,289,7,8,19,1,492,5,0,0,0,5,0,0
543,2016,2016-07-01,PBKS,MI,Bangalore,Bangalore,PBKS,field,MI,normal,11,209,8,9,15,1,493,7,6,1,1,7,1,0
544,2016,2016-07-03,DC,PBKS,Mumbai,Mumbai,DC,field,PBKS,normal,3,271,5,13,19,1,494,1,7,9,9,1,1,0
545,2016,2016-07-06,KKR,GT,Delhi,Delhi,KKR,bat,KKR,normal,8,250,1,8,19,0,495,4,3,3,3,4,0,0
546,2016,2016-07-08,SRH,GT,Bangalore,Bangalore,GT,field,SRH,normal,0,336,13,8,18,0,496,11,3,1,1,3,1,0
547,2016,2016-07-11,GT,RPS,Bangalore,Bangalore,RPS,bat,GT,normal,2,190,6,8,17,0,497,3,9,1,1,9,0,0
548,2016,2016-07-13,RPS,GL,Chennai,Chennai,GL,bat,GL,normal,30,264,7,12,19,1,498,9,2,2,2,2,0,0
549,2016,2016-07-16,KKR,PBKS,Kolkata,Kolkata,PBKS,field,KKR,normal,0,219,6,9,15,0,499,4,7,7,7,7,1,0
550,2016,2016-07-18,RCB,DC,Chennai,Chennai,RCB,bat,RCB,normal,0,242,5,7,18,0,501,8,1,2,2,8,0,0
551,2016,2016-07-21,DC,RCB,Delhi,Delhi,RCB,field,DC,normal,3,228,9,9,17,0,502,1,8,3,3,8,1,0
552,2016,2016-07-23,RPS,CSK,Chennai,Chennai,CSK,bat,CSK,normal,3,313,11,5,19,1,503,9,0,2,2,0,0,0
553,2016,2016-07-26,RPS,SRH,Pune,Pune,RPS,field,SRH,normal,20,248,7,7,16,1,504,9,11,10,10,9,1,0
554,2016,2016-07-28,KTK,SRH,Chennai,Chennai,KTK,bat,SRH,normal,15,160,3,10,18,1,505,5,11,2,2,5,0,0
555,2016,2016-07-31,DC,PBKS,Jaipur,Jaipur,PBKS,field,DC,normal,11,338,5,7,18,0,506,1,7,5,5,7,1,0
556,2016,2016-08-02,PBKS,SRH,Hyderabad,Hyderabad,PBKS,bat,PBKS,normal,0,266,2,7,19,0,507,7,11,4,4,7,0,0
557,2016,2016-08-05,MI,PBKS,Ahmedabad,Ahmedabad,PBKS,field,MI,normal,18,273,5,8,19,0,508,6,7,0,0,7,1,0
558,2016,2016-08-07,RCB,SRH,Jaipur,Jaipur,SRH,field,RCB,normal,0,285,2,4,16,0,509,8,11,5,5,11,1,0
559,2016,2016-08-10,KTK,KKR,Bangalore,Bangalore,KTK,field,KTK,normal,19,244,11,5,16,0,510,5,4,1,1,5,1,0
560,2016,2016-08-12,SRH,RCB,Delhi,Delhi,RCB,field,RCB,normal,5,256,3,14,19,1,512,11,8,3,3,8,1,0
561,2016,2016-08-15,MI,KKR,Bangalore,Bangalore,MI,field,MI,normal,0,225,5,8,16,0,513,6,4,1,1,6,1,0
562,2016,2016-08-17,GL,SRH,Kolkata,Kolkata,SRH,field,GL,normal,11,307,8,7,19,0,514,2,11,7,7,11,1,0
563,2016,2016-08-20,MI,GL,Mumbai,Mumbai,GL,bat,GL,normal,9,267,16,5,18,1,515,6,2,9,9,2,0,0
564,2016,2016-08-22,PBKS,MI,Delhi,Delhi,MI,field,PBKS,normal,0,235,4,5,18,0,516,7,6,3,3,6,1,0
565,2016,2016-08-25,RR,GT,Kolkata,Kolkata,GT,field,RR,normal,31,258,11,10,19,0,517,10,3,7,7,3,1,0
566,2016,2016-08-27,RPS,RCB,Bangalore,Bangalore,RCB,field,RPS,normal,5,276,10,6,16,0,518,9,8,1,1,8,1,0
567,2016,2016-08-30,RCB,RPS,Jaipur,Jaipur,RCB,field,RPS,normal,20,299,7,10,19,1,519,8,9,5,5,8,1,0
568,2016,2016-09-01,SRH,RR,Mohali,Mohali,SRH,field,SRH,normal,0,248,5,8,16,0,520,11,10,8,8,11,1,0
569,2016,2016-09-04,GT,DC,Jaipur,Jaipur,DC,field,DC,normal,0,308,7,11,19,1,521,3,1,5,5,1,1,0
570,2016,2016-09-06,KTK,MI,Bangalore,Bangalore,KTK,bat,MI,normal,30,272,7,5,19,1,523,5,6,1,1,5,0,0
571,2016,2016-09-09,RPS,MI,Kochi,Kochi,RPS,field,MI,normal,2,293,9,6,17,1,524,9,6,6,6,9,1,0
572,2016,2016-09-11,GL,PBKS,Jaipur,Jaipur,GL,field,PBKS,normal,19,267,11,7,18,1,525,2,7,5,5,2,1,0
573,2016,2016-09-14,CSK,RPS,Hyderabad,Hyderabad,RPS,bat,CSK,normal,0,269,5,14,17,0,526,0,9,4,4,9,0,0
574,2017,2017-04-11,DC,KTK,Bangalore,Bangalore,DC,bat,KTK,normal,18,273,14,8,19,1,527,1,5,1,1,1,0,0
575,2017,2017-04-13,RPS,SRH,Mohali,Mohali,RPS,bat,RPS,normal,8,244,8,6,18,0,528,9,11,8,8,9,0,0
576,2017,2017-04-16,RCB,GL,Bangalore,Bangalore,RCB,field,GL,normal,14,254,17,8,18,1,529,8,2,1,1,8,1,0
577,2017,2017-04-18,GL,PBKS,Mumbai,Mumbai,GL,field,PBKS,normal,49,247,8,14,19,1,530,2,7,9,9,2,1,0
578,2017,2017-04-21,KTK,GT,Kolkata,Kolkata,GT,bat,GT,normal,13,292,5,12,19,1,531,5,3,7,7,3,0,0
579,2017,2017-04-23,DC,SRH,Jaipur,Jaipur,SRH,field,SRH,normal,34,247,3,8,18,1,532,1,11,5,5,11,1,0
580,2017,2017-04-26,DC,PBKS,Delhi,Delhi,PBKS,field,PBKS,normal,0,239,12,2,18,1,534,1,7,3,3,7,1,0
581,2017,2017-04-28,KTK,RPS,Pune,Pune,KTK,field,KTK,normal,0,257,4,13,17,0,535,5,9,10,10,5,1,0
582,2017,2017-05-01,MI,CSK,Jaipur,Jaipur,CSK,field,MI,normal,0,285,4,8,19,0,536,6,0,5,5,0,1,0
583,2017,2017-05-03,KKR,CSK,Mumbai,Mumbai,KKR,bat,KKR,normal,0,275,6,7,19,0,537,4,0,9,9,4,0,0
584,2017,2017-05-06,GL,RCB,Jaipur,Jaipur,RCB,field,GL,normal,6,321,9,7,19,0,538,2,8,5,5,8,1,0
585,2017,2017-05-08,SRH,DC,Jaipur,Jaipur,DC,bat,DC,normal,17,134,8,10,19,1,539,11,1,5,5,1,0,0
586,2017,2017-05-11,CSK,DC,Delhi,Delhi,CSK,field,CSK,normal,3,279,10,12,17,0,540,0,1,3,3,0,1,0
587,2017,2017-05-13,RCB,GT,Jaipur,Jaipur,GT,bat,RCB,normal,4,245,9,6,17,0,541,8,3,5,5,3,0,0
588,2017,2017-05-16,KTK,DC,Hyderabad,Hyderabad,KTK,bat,KTK,normal,0,270,5,7,17,0,542,5,1,4,4,5,0,0
589,2017,2017-05-18,KTK,PBKS,Jaipur,Jaipur,PBKS,field,KTK,normal,16,156,6,12,19,0,543,5,7,5,5,7,1,0
590,2017,2017-05-21,MI,GT,Kolkata,Kolkata,GT,field,MI,normal,25,304,12,8,19,0,545,6,3,7,7,3,1,0
591,2017,2017-05-23,RPS,KTK,Chennai,Chennai,KTK,field,KTK,normal,35,229,12,6,16,1,546,9,5,2,2,5,1,0
592,2017,2017-05-26,CSK,RR,Kochi,Kochi,RR,field,CSK,normal,20,246,10,8,18,0,547,0,10,6,6,10,1,0
593,2017,2017-05-28,KTK,KKR,Bangalore,Bangalore,KTK,field,KTK,normal,0,264,8,5,19,0,548,5,4,1,1,5,1,0
594,2017,2017-05-31,RPS,DC,Hyderabad,Hyderabad,RPS,field,DC,normal,2,255,5,10,19,1,549,9,1,4,4,9,1,0
595,2017,2017-06-02,MI,KKR,Kochi,Kochi,MI,bat,KKR,normal,44,278,12,9,19,1,550,6,4,6,6,6,0,0
596,2017,2017-06-05,RPS,CSK,Hyderabad,Hyderabad,RPS,bat,RPS,normal,16,256,9,14,17,0,551,9,0,4,4,9,0,0
597,2017,2017-06-07,MI,SRH,Pune,Pune,MI,field,MI,normal,38,238,11,6,19,0,552,6,11,10,10,6,1,0
598,2017,2017-06-10,MI,KKR,Jaipur,Jaipur,MI,bat,KKR,normal,13,241,10,8,15,1,553,6,4,5,5,6,0,0
599,2017,2017-06-12,KKR,CSK,Pune,Pune,CSK,bat,KKR,normal,22,328,7,8,19,0,554,4,0,10,10,0,0,0
600,2017,2017-06-15,PBKS,GT,Bangalore,Bangalore,PBKS,bat,GT,normal,16,292,6,8,19,1,557,7,3,1,1,7,0,0
601,2017,2017-06-17,RR,RCB,Mumbai,Mumbai,RR,bat,RCB,normal,6,189,11,9,15,1,558,10,8,9,9,10,0,0
602,2017,2017-06-20,DC,RR,Hyderabad,Hyderabad,RR,field,DC,normal,0,346,9,7,18,0,559,1,10,4,4,10,1,0
603,2017,2017-06-22,GL,CSK,Pune,Pune,GL,field,GL,normal,0,198,13,14,17,0,560,2,0,10,10,2,1,0
604,2017,2017-06-25,KKR,KTK,Chennai,Chennai,KKR,field,KKR,normal,0,273,17,11,18,0,561,4,5,2,2,4,1,0
605,2017,2017-06-27,DC,CSK,Kolkata,Kolkata,DC,bat,DC,normal,16,230,7,17,19,0,562,1,0,7,7,1,0,0
606,2017,2017-06-30,RPS,PBKS,Delhi,Delhi,PBKS,bat,RPS,normal,9,281,13,8,19,0,563,9,7,3,3,7,0,0
607,2017,2017-07-02,GT,RCB,Bangalore,Bangalore,GT,bat,GT,normal,32,263,7,13,19,0,564,3,8,1,1,3,0,0
608,2017,2017-07-05,PBKS,RR,Kolkata,Kolkata,PBKS,bat,RR,normal,4,241,8,4,17,1,565,7,10,7,7,7,0,0
609,2017,2017-07-07,KKR,RR,Kolkata,Kolkata,KKR,field,KKR,normal,19,332,6,12,19,0,566,4,10,7,7,4,1,0
610,2017,2017-07-10,SRH,RCB,Jaipur,Jaipur,SRH,field,RCB,normal,0,271,16,8,19,1,568,11,8,5,5,11,1,0
611,2017,2017-07-12,RCB,CSK,Pune,Pune,CSK,field,RCB,normal,18,253,5,13,17,0,569,8,0,10,10,0,1,0
612,2017,2017-07-15,KKR,DC,Pune,Pune,KKR,bat,KKR,normal,41,294,4,12,18,0,570,4,1,10,10,4,0,0
613,2017,2017-07-17,KKR,GL,Hyderabad,Hyderabad,GL,bat,GL,normal,0,231,8,10,18,1,571,4,2,4,4,2,0,0
614,2017,2017-07-20,KKR,GL,Bangalore,Bangalore,GL,bat,KKR,normal,27,278,9,5,19,0,572,4,2,1,1,2,0,0
615,2017,2017-07-22,KTK,MI,Hyderabad,Hyderabad,KTK,field,MI,normal,0,246,5,8,19,1,573,5,6,4,4,5,1,0
616,2017,2017-07-25,DC,KKR,Kochi,Kochi,KKR,bat,DC,normal,0,252,9,7,16,0,574,1,4,6,6,4,0,0
617,2017,2017-07-27,KTK,GL,Mumbai,Mumbai,GL,bat,GL,normal,0,265,6,11,18,1,575,5,2,9,9,2,0,0
618,2017,2017-07-30,SRH,RPS,Mumbai,Mumbai,SRH,field,SRH,normal,0,278,4,10,19,0,576,11,9,9,9,11,1,0
619,2017,2017-08-01,GL,GT,Pune,Pune,GT,bat,GL,normal,0,288,2,13,17,0,577,2,3,10,10,3,0,0
620,2017,2017-08-04,PBKS,CSK,Chennai,Chennai,PBKS,field,CSK,normal,0,241,9,7,18,1,579,7,0,2,2,7,1,0
621,2017,2017-08-06,KTK,MI,Ahmedabad,Ahmedabad,KTK,field,KTK,normal,9,238,11,9,16,0,580,5,6,0,0,5,1,0
622,2017,2017-08-09,KTK,KKR,Kolkata,Kolkata,KKR,field,KKR,normal,0,270,3,5,18,1,581,5,4,7,7,4,1,0
623,2017,2017-08-11,SRH,KTK,Ahmedabad,Ahmedabad,KTK,field,SRH,normal,0,242,6,5,18,0,582,11,5,0,0,5,1,0
624,2017,2017-08-14,KTK,MI,Kolkata,Kolkata,KTK,field,MI,normal,3,277,8,12,17,1,583,5,6,7,7,5,1,0
625,2017,2017-08-16,RCB,DC,Chennai,Chennai,RCB,field,RCB,normal,32,222,13,10,15,0,584,8,1,2,2,8,1,0
626,2017,2017-08-19,RCB,SRH,Mohali,Mohali,RCB,bat,SRH,normal,1,209,7,4,15,1,585,8,11,8,8,8,0,0
627,2017,2017-08-21,GT,RPS,Mohali,Mohali,RPS,field,RPS,normal,0,297,15,9,19,1,586,3,9,8,8,9,1,0
628,2017,2017-08-24,GT,SRH,Hyderabad,Hyderabad,GT,field,SRH,normal,5,255,5,1,17,1,587,3,11,4,4,3,1,0
629,2017,2017-08-26,DC,CSK,Bangalore,Bangalore,DC,field,CSK,normal,19,252,8,2,15,1,588,1,0,1,1,1,1,0
630,2017,2017-08-29,KTK,RPS,Bangalore,Bangalore,RPS,bat,KTK,normal,16,262,5,7,18,0,590,5,9,1,1,9,0,0
