id,season,date,team1,team2,venue,city,toss_winner,toss_decision,winner,result,result_margin,dl_applied,win_by_runs,win_by_wickets
1,2008,2008-03-15,KTK,DC,Kolkata,Kolkata,KTK,field,KTK,normal,0,0,0,0
2,2008,2008-03-17,KKR,GT,Pune,Pune,GT,bat,KKR,normal,0,0,0,0
3,2008,2008-03-20,CSK,RCB,Jaipur,Jaipur,RCB,bat,RCB,normal,18,0,0,18
4,2008,2008-03-22,PBKS,GL,Delhi,Delhi,PBKS,field,PBKS,normal,0,0,0,0
5,2008,2008-03-25,RPS,GL,Mohali,Mohali,RPS,field,RPS,normal,46,0,46,0
6,2008,2008-03-27,MI,RR,Delhi,Delhi,RR,field,RR,normal,41,0,0,41
7,2008,2008-03-30,RPS,KTK,Chennai,Chennai,KTK,field,RPS,normal,35,0,0,0
8,2008,2008-04-01,KTK,GT,Kolkata,Kolkata,KTK,field,GT,normal,50,0,0,50
9,2008,2008-04-04,GL,PBKS,Kolkata,Kolkata,PBKS,bat,PBKS,normal,26,0,0,0
10,2008,2008-04-06,DC,GL,Jaipur,Jaipur,GL,bat,GL,normal,24,0,24,0
11,2008,2008-04-09,RCB,RPS,Bangalore,Bangalore,RPS,field,RPS,normal,3,0,3,0
12,2008,2008-04-11,CSK,RPS,Chennai,Chennai,RPS,field,RPS,normal,50,0,0,50
13,2008,2008-04-14,KTK,DC,Ahmedabad,Ahmedabad,DC,bat,KTK,normal,0,0,0,0
14,2008,2008-04-16,GT,KTK,Mumbai,Mumbai,KTK,field,KTK,normal,32,0,0,32
15,2008,2008-04-19,GL,MI,Chennai,Chennai,GL,field,MI,normal,5,0,5,5
16,2008,2008-04-21,GT,GL,Jaipur,Jaipur,GL,field,GT,normal,0,0,0,0
17,2008,2008-04-24,SRH,GT,Hyderabad,Hyderabad,GT,bat,SRH,normal,16,0,16,16
18,2008,2008-04-26,KKR,CSK,Chennai,Chennai,CSK,bat,KKR,normal,15,0,15,15
19,2008,2008-04-29,SRH,KKR,Ahmedabad,Ahmedabad,KKR,bat,SRH,normal,0,0,0,0
20,2008,2008-05-01,KKR,MI,Chennai,Chennai,MI,bat,MI,normal,14,0,14,0
21,2008,2008-05-04,MI,CSK,Jaipur,Jaipur,MI,field,CSK,normal,7,0,0,7
22,2008,2008-05-06,SRH,KKR,Chennai,Chennai,SRH,bat,KKR,normal,36,0,36,0
23,2008,2008-05-09,RCB,RR,Hyderabad,Hyderabad,RCB,field,RR,normal,14,0,0,14
24,2008,2008-05-11,SRH,DC,Jaipur,Jaipur,SRH,bat,DC,normal,7,0,7,0
25,2008,2008-05-14,KTK,PBKS,Mumbai,Mumbai,KTK,bat,KTK,normal,0,0,0,0
26,2008,2008-05-16,RCB,MI,Pune,Pune,RCB,bat,RCB,normal,8,0,8,8
27,2008,2008-05-19,MI,RR,Kochi,Kochi,RR,bat,RR,normal,0,0,0,0
28,2008,2008-05-21,RPS,DC,Hyderabad,Hyderabad,DC,bat,DC,normal,49,0,0,49
29,2008,2008-05-24,DC,RCB,Mohali,Mohali,DC,field,DC,normal,12,0,12,0
30,2008,2008-05-26,GL,RPS,Ahmedabad,Ahmedabad,GL,bat,GL,normal,18,0,0,0
31,2008,2008-05-29,KTK,GT,Bangalore,Bangalore,GT,bat,GT,normal,19,0,19,0
32,2008,2008-05-31,GT,SRH,Delhi,Delhi,GT,bat,GT,normal,14,0,0,14
33,2008,2008-06-03,DC,RCB,Hyderabad,Hyderabad,DC,bat,RCB,normal,36,0,36,0
34,2008,2008-06-05,GL,GT,Bangalore,Bangalore,GT,bat,GT,normal,2,0,2,2
35,2008,2008-06-08,KKR,RPS,Chennai,Chennai,KKR,bat,RPS,normal,18,0,18,0
36,2008,2008-06-10,RCB,RR,Mumbai,Mumbai,RCB,field,RCB,normal,11,0,0,0
37,2008,2008-06-13,RR,CSK,Hyderabad,Hyderabad,CSK,bat,RR,normal,15,0,0,0
38,2008,2008-06-15,RR,PBKS,Delhi,Delhi,PBKS,field,RR,normal,9,0,9,9
39,2008,2008-06-18,DC,RCB,Pune,Pune,RCB,field,RCB,normal,0,0,0,0
40,2008,2008-06-20,GL,GT,Chennai,Chennai,GL,field,GT,normal,7,0,0,0
41,2008,2008-06-23,GT,RPS,Kochi,Kochi,RPS,field,GT,normal,24,0,24,24
42,2008,2008-06-25,DC,GT,Delhi,Delhi,GT,bat,GT,normal,0,0,0,0
43,2008,2008-06-28,RR,RPS,Bangalore,Bangalore,RPS,field,RPS,normal,26,0,0,0
44,2008,2008-06-30,GL,RPS,Mohali,Mohali,GL,field,RPS,normal,0,0,0,0
45,2008,2008-07-03,KTK,RCB,Kochi,Kochi,RCB,bat,KTK,normal,0,0,0,0
46,2008,2008-07-05,RPS,DC,Kolkata,Kolkata,RPS,field,RPS,normal,10,0,10,0
47,2008,2008-07-08,SRH,RR,Kochi,Kochi,RR,bat,SRH,normal,13,0,0,0
48,2008,2008-07-10,MI,RR,Kolkata,Kolkata,MI,bat,MI,normal,17,0,17,17
49,2008,2008-07-13,RCB,SRH,Kochi,Kochi,SRH,field,SRH,normal,0,0,0,0
50,2008,2008-07-15,SRH,KTK,Delhi,Delhi,KTK,bat,SRH,normal,0,0,0,0
51,2008,2008-07-18,DC,KKR,Delhi,Delhi,DC,bat,KKR,normal,21,0,0,0
52,2008,2008-07-20,KTK,KKR,Chennai,Chennai,KKR,field,KKR,normal,0,0,0,0
53,2008,2008-07-23,RR,GL,Mumbai,Mumbai,GL,field,GL,normal,1,0,1,0
54,2008,2008-07-25,RR,GT,Ahmedabad,Ahmedabad,GT,field,RR,normal,8,0,0,8
55,2008,2008-07-28,RPS,RR,Bangalore,Bangalore,RPS,field,RR,normal,0,0,0,0
56,2008,2008-07-30,MI,RPS,Jaipur,Jaipur,RPS,field,MI,normal,30,0,0,30
57,2008,2008-08-02,PBKS,RR,Delhi,Delhi,PBKS,bat,RR,normal,3,0,3,3
58,2008,2008-08-04,RPS,MI,Kochi,Kochi,RPS,bat,RPS,normal,49,0,49,49
59,2009,2009-04-05,MI,GL,Kolkata,Kolkata,MI,bat,GL,normal,9,0,9,9
60,2009,2009-04-07,DC,MI,Pune,Pune,MI,field,DC,normal,0,0,0,0
61,2009,2009-04-10,GL,RPS,Kolkata,Kolkata,GL,bat,GL,normal,0,0,0,0
62,2009,2009-04-12,PBKS,MI,Ahmedabad,Ahmedabad,PBKS,field,MI,normal,14,0,14,0
63,2009,2009-04-15,SRH,RCB,Jaipur,Jaipur,RCB,field,SRH,normal,0,0,0,0
64,2009,2009-04-17,GL,DC,Mohali,Mohali,GL,field,GL,normal,9,0,9,0
65,2009,2009-04-20,PBKS,CSK,Hyderabad,Hyderabad,CSK,field,CSK,normal,12,0,0,0
66,2009,2009-04-22,KTK,DC,Ahmedabad,Ahmedabad,KTK,field,KTK,normal,34,0,0,0
67,2009,2009-04-25,KTK,SRH,Kochi,Kochi,SRH,bat,SRH,normal,29,0,0,29
68,2009,2009-04-27,RPS,GL,Mohali,Mohali,GL,field,GL,normal,17,0,0,17
69,2009,2009-04-30,DC,KTK,Kolkata,Kolkata,DC,bat,DC,normal,7,0,0,0
70,2009,2009-05-02,DC,GL,Ahmedabad,Ahmedabad,DC,field,GL,normal,7,0,0,7
71,2009,2009-05-05,GT,RCB,Delhi,Delhi,GT,field,GT,normal,18,0,0,18
72,2009,2009-05-07,DC,SRH,Hyderabad,Hyderabad,SRH,field,SRH,normal,22,0,0,22
73,2009,2009-05-10,SRH,MI,Pune,Pune,MI,bat,SRH,normal,0,0,0,0
74,2009,2009-05-12,RR,GL,Pune,Pune,GL,field,RR,normal,17,0,0,0
75,2009,2009-05-15,RR,DC,Pune,Pune,RR,field,RR,normal,40,0,40,40
76,2009,2009-05-17,RCB,GT,Chennai,Chennai,GT,field,RCB,normal,14,0,0,14
77,2009,2009-05-20,DC,SRH,Chennai,Chennai,DC,field,DC,normal,0,0,0,0
78,2009,2009-05-22,RCB,DC,Bangalore,Bangalore,DC,field,RCB,normal,6,0,0,0
79,2009,2009-05-25,KTK,RR,Delhi,Delhi,KTK,field,RR,normal,0,0,0,0
80,2009,2009-05-27,CSK,MI,Kolkata,Kolkata,CSK,bat,CSK,normal,0,0,0,0
81,2009,2009-05-30,DC,RCB,Pune,Pune,RCB,field,RCB,normal,41,0,0,41
82,2009,2009-06-01,MI,RCB,Mohali,Mohali,RCB,bat,RCB,normal,16,0,0,16
83,2009,2009-06-04,PBKS,MI,Jaipur,Jaipur,MI,bat,PBKS,normal,18,0,0,18
84,2009,2009-06-06,SRH,RPS,Hyderabad,Hyderabad,SRH,field,SRH,normal,0,0,0,0
85,2009,2009-06-09,MI,CSK,Kochi,Kochi,MI,field,MI,normal,6,0,0,0
86,2009,2009-06-11,MI,SRH,Chennai,Chennai,SRH,field,MI,normal,0,0,0,0
87,2009,2009-06-14,KKR,SRH,Ahmedabad,Ahmedabad,KKR,bat,KKR,normal,0,0,0,0
88,2009,2009-06-16,RR,PBKS,Ahmedabad,Ahmedabad,PBKS,field,PBKS,normal,0,0,0,0
89,2009,2009-06-19,SRH,PBKS,Mohali,Mohali,SRH,field,PBKS,normal,30,0,0,0
90,2009,2009-06-21,CSK,PBKS,Hyderabad,Hyderabad,CSK,bat,PBKS,normal,5,0,5,0
91,2009,2009-06-24,MI,SRH,Chennai,Chennai,MI,bat,SRH,normal,5,0,0,0
92,2009,2009-06-26,PBKS,GL,Jaipur,Jaipur,GL,field,PBKS,normal,18,0,18,18
93,2009,2009-06-29,MI,KKR,Kochi,Kochi,MI,bat,KKR,normal,3,0,0,0
94,2009,2009-07-01,CSK,KTK,Mohali,Mohali,KTK,bat,CSK,normal,12,0,0,12
95,2009,2009-07-04,RPS,RCB,Bangalore,Bangalore,RPS,field,RPS,normal,20,0,20,20
96,2009,2009-07-06,SRH,RPS,Delhi,Delhi,RPS,bat,RPS,normal,1,0,0,0
97,2009,2009-07-09,GL,DC,Kochi,Kochi,DC,bat,DC,normal,9,0,9,0
98,2009,2009-07-11,MI,KKR,Jaipur,Jaipur,KKR,bat,KKR,normal,0,0,0,0
99,2009,2009-07-14,DC,CSK,Pune,Pune,DC,field,DC,normal,16,0,0,16
100,2009,2009-07-16,DC,RPS,Kochi,Kochi,DC,field,DC,normal,0,0,0,0
101,2009,2009-07-19,PBKS,RCB,Chennai,Chennai,PBKS,bat,RCB,normal,21,0,21,0
102,2009,2009-07-21,PBKS,GT,Ahmedabad,Ahmedabad,GT,field,GT,normal,9,0,9,9
103,2009,2009-07-24,MI,RCB,Kolkata,Kolkata,RCB,bat,RCB,normal,36,0,0,36
104,2009,2009-07-26,PBKS,RPS,Kochi,Kochi,RPS,bat,RPS,normal,0,0,0,0
105,2009,2009-07-29,GL,GT,Mohali,Mohali,GT,field,GL,normal,0,0,0,0
106,2009,2009-07-31,CSK,KTK,Delhi,Delhi,CSK,field,KTK,normal,8,0,0,0
107,2009,2009-08-03,KTK,GT,Jaipur,Jaipur,GT,field,KTK,normal,4,0,0,4
108,2009,2009-08-05,SRH,KTK,Kolkata,Kolkata,KTK,bat,KTK,normal,0,0,0,0
109,2009,2009-08-08,MI,SRH,Chennai,Chennai,MI,field,MI,normal,42,0,0,42
110,2009,2009-08-10,GL,KKR,Chennai,Chennai,KKR,bat,GL,normal,38,0,38,0
111,2009,2009-08-13,DC,RCB,Bangalore,Bangalore,DC,bat,RCB,normal,0,0,0,0
112,2009,2009-08-15,KKR,GL,Mohali,Mohali,KKR,field,KKR,normal,12,0,12,0
113,2009,2009-08-18,SRH,KTK,Mohali,Mohali,SRH,field,SRH,normal,29,0,0,0
114,2009,2009-08-20,CSK,SRH,Jaipur,Jaipur,SRH,bat,SRH,normal,4,0,4,4
115,2009,2009-08-23,RCB,MI,Bangalore,Bangalore,MI,field,MI,normal,0,0,0,0
116,2009,2009-08-25,SRH,GT,Pune,Pune,SRH,field,GT,normal,0,0,0,0
117,2009,2009-08-28,PBKS,SRH,Jaipur,Jaipur,SRH,field,SRH,normal,4,0,4,4
118,2009,2009-08-30,RCB,RPS,Hyderabad,Hyderabad,RPS,bat,RCB,normal,6,0,6,6
119,2009,2009-09-02,RCB,GT,Mumbai,Mumbai,GT,field,GT,normal,4,0,4,0
120,2009,2009-09-04,DC,GL,Delhi,Delhi,DC,bat,GL,normal,0,0,0,0
121,2009,2009-09-07,MI,PBKS,Ahmedabad,Ahmedabad,MI,field,PBKS,normal,0,0,0,0
122,2009,2009-09-09,GL,KTK,Kochi,Kochi,GL,field,GL,normal,39,0,39,39
123,2009,2009-09-12,PBKS,KTK,Mumbai,Mumbai,KTK,bat,PBKS,normal,0,0,0,0
124,2009,2009-09-14,CSK,MI,Ahmedabad,Ahmedabad,MI,bat,CSK,normal,14,0,0,0
125,2009,2009-09-17,GL,KTK,Chennai,Chennai,GL,bat,GL,normal,0,0,0,0
126,2009,2009-09-19,SRH,GL,Hyderabad,Hyderabad,SRH,field,GL,normal,0,0,0,0
127,2009,2009-09-22,RPS,GL,Hyderabad,Hyderabad,RPS,bat,GL,normal,8,0,0,0
128,2009,2009-09-24,RCB,DC,Delhi,Delhi,DC,bat,DC,normal,1,0,0,0
129,2010,2010-03-31,GT,RPS,Mohali,Mohali,GT,field,GT,normal,2,0,2,0
130,2010,2010-04-02,GL,RR,Pune,Pune,GL,field,RR,normal,14,0,0,14
131,2010,2010-04-05,GL,SRH,Mohali,Mohali,SRH,field,GL,normal,28,0,28,28
132,2010,2010-04-07,DC,PBKS,Kolkata,Kolkata,DC,bat,PBKS,normal,50,0,50,50
133,2010,2010-04-10,KTK,RPS,Bangalore,Bangalore,KTK,bat,KTK,normal,5,0,5,0
134,2010,2010-04-12,RPS,MI,Bangalore,Bangalore,MI,field,MI,normal,0,0,0,0
135,2010,2010-04-15,RCB,SRH,Chennai,Chennai,RCB,field,SRH,normal,10,0,10,10
136,2010,2010-04-17,SRH,CSK,Mumbai,Mumbai,SRH,field,CSK,normal,0,0,0,0
137,2010,2010-04-20,KTK,CSK,Hyderabad,Hyderabad,KTK,bat,KTK,normal,20,0,0,0
138,2010,2010-04-22,PBKS,MI,Ahmedabad,Ahmedabad,MI,field,PBKS,normal,0,0,0,0
139,2010,2010-04-25,PBKS,KTK,Delhi,Delhi,PBKS,field,KTK,normal,0,0,0,0
140,2010,2010-04-27,RPS,RR,Delhi,Delhi,RR,bat,RR,normal,47,0,47,47
141,2010,2010-04-30,PBKS,DC,Kochi,Kochi,PBKS,field,DC,normal,0,0,0,0
142,2010,2010-05-02,PBKS,RCB,Kochi,Kochi,RCB,bat,PBKS,normal,0,0,0,0
143,2010,2010-05-05,KKR,PBKS,Hyderabad,Hyderabad,KKR,field,KKR,normal,15,0,15,15
144,2010,2010-05-07,GT,KTK,Mumbai,Mumbai,KTK,bat,KTK,normal,50,0,0,0
145,2010,2010-05-10,GL,RCB,Hyderabad,Hyderabad,GL,field,GL,normal,0,0,0,0
146,2010,2010-05-12,SRH,KKR,Ahmedabad,Ahmedabad,KKR,field,SRH,normal,20,0,0,20
147,2010,2010-05-15,RR,GT,Ahmedabad,Ahmedabad,RR,field,GT,normal,0,0,0,0
148,2010,2010-05-17,PBKS,GT,Chennai,Chennai,GT,field,PBKS,normal,19,0,19,19
149,2010,2010-05-20,RR,MI,Kolkata,Kolkata,RR,field,MI,normal,1,0,1,1
150,2010,2010-05-22,MI,PBKS,Kolkata,Kolkata,PBKS,bat,MI,normal,0,0,0,0
151,2010,2010-05-25,SRH,RCB,Hyderabad,Hyderabad,SRH,field,RCB,normal,40,0,0,40
152,2010,2010-05-27,KTK,GL,Ahmedabad,Ahmedabad,GL,bat,GL,normal,8,0,0,8
153,2010,2010-05-30,GL,SRH,Chennai,Chennai,GL,bat,GL,normal,0,0,0,0
154,2010,2010-06-01,CSK,GL,Mohali,Mohali,CSK,field,CSK,normal,37,0,0,0
155,2010,2010-06-04,GT,KTK,Ahmedabad,Ahmedabad,KTK,field,GT,normal,25,0,0,25
156,2010,2010-06-06,MI,PBKS,Kolkata,Kolkata,PBKS,bat,MI,normal,0,0,0,0
157,2010,2010-06-09,RPS,RCB,Kochi,Kochi,RPS,bat,RCB,normal,0,0,0,0
158,2010,2010-06-11,SRH,CSK,Delhi,Delhi,CSK,field,SRH,normal,3,0,3,0
159,2010,2010-06-14,GT,SRH,Delhi,Delhi,SRH,bat,GT,normal,7,0,7,7
160,2010,2010-06-16,MI,PBKS,Jaipur,Jaipur,PBKS,bat,PBKS,normal,15,0,0,15
161,2010,2010-06-19,GT,DC,Chennai,Chennai,GT,field,DC,normal,0,0,0,0
162,2010,2010-06-21,RPS,DC,Delhi,Delhi,DC,field,DC,normal,39,0,0,0
163,2010,2010-06-24,PBKS,GL,Jaipur,Jaipur,GL,field,GL,normal,41,0,41,0
164,2010,2010-06-26,RCB,CSK,Bangalore,Bangalore,RCB,field,CSK,normal,3,0,0,0
165,2010,2010-06-29,CSK,GL,Bangalore,Bangalore,CSK,bat,GL,normal,12,0,12,12
166,2010,2010-07-01,RPS,DC,Kolkata,Kolkata,DC,bat,RPS,normal,6,0,0,6
167,2010,2010-07-04,SRH,KKR,Pune,Pune,SRH,bat,KKR,normal,45,0,45,45
168,2010,2010-07-06,KTK,SRH,Chennai,Chennai,KTK,field,SRH,normal,0,0,0,0
169,2010,2010-07-09,KTK,RPS,Bangalore,Bangalore,KTK,bat,RPS,normal,33,0,0,33
170,2010,2010-07-11,PBKS,GT,Pune,Pune,PBKS,bat,GT,normal,30,0,0,0
171,2010,2010-07-14,KTK,SRH,Ahmedabad,Ahmedabad,KTK,bat,SRH,normal,0,0,0,0
172,2010,2010-07-16,SRH,KTK,Kochi,Kochi,SRH,bat,KTK,normal,0,0,0,0
173,2010,2010-07-19,CSK,MI,Ahmedabad,Ahmedabad,MI,bat,CSK,normal,20,0,0,0
174,2010,2010-07-21,DC,MI,Delhi,Delhi,DC,field,DC,normal,18,0,18,18
175,2010,2010-07-24,RPS,RCB,Pune,Pune,RCB,bat,RPS,normal,0,0,0,0
176,2010,2010-07-26,CSK,RPS,Pune,Pune,RPS,bat,RPS,normal,0,0,0,0
177,2010,2010-07-29,DC,RPS,Delhi,Delhi,RPS,bat,RPS,normal,13,0,13,13
178,2010,2010-07-31,RR,SRH,Hyderabad,Hyderabad,SRH,field,RR,normal,22,0,22,0
179,2010,2010-08-03,RR,RCB,Mohali,Mohali,RR,field,RR,normal,8,0,0,8
180,2010,2010-08-05,CSK,DC,Jaipur,Jaipur,DC,bat,DC,normal,6,0,6,6
181,2010,2010-08-08,GT,SRH,Hyderabad,Hyderabad,SRH,field,SRH,normal,32,0,32,32
182,2010,2010-08-10,PBKS,CSK,Mumbai,Mumbai,CSK,field,CSK,normal,0,0,0,0
183,2010,2010-08-13,RR,RCB,Delhi,Delhi,RR,field,RCB,normal,13,0,0,0
184,2010,2010-08-15,PBKS,GT,Delhi,Delhi,GT,bat,PBKS,normal,17,0,0,17
185,2010,2010-08-18,PBKS,KTK,Ahmedabad,Ahmedabad,KTK,bat,KTK,normal,49,0,0,49
186,2010,2010-08-20,PBKS,SRH,Ahmedabad,Ahmedabad,PBKS,field,SRH,normal,0,0,0,0
187,2010,2010-08-23,RR,GL,Delhi,Delhi,GL,field,GL,normal,0,0,0,0
188,2010,2010-08-25,PBKS,RPS,Chennai,Chennai,PBKS,field,RPS,normal,0,0,0,0
189,2010,2010-08-28,GL,KTK,Kolkata,Kolkata,KTK,bat,GL,normal,38,0,38,38
190,2010,2010-08-30,GL,MI,Kolkata,Kolkata,GL,field,GL,normal,11,0,11,11
191,2011,2011-04-11,KTK,CSK,Bangalore,Bangalore,CSK,field,KTK,normal,0,0,0,0
192,2011,2011-04-13,GT,PBKS,Ahmedabad,Ahmedabad,PBKS,bat,PBKS,normal,0,0,0,0
193,2011,2011-04-16,DC,KKR,Delhi,Delhi,KKR,field,KKR,normal,0,0,0,0
194,2011,2011-04-18,KTK,DC,Delhi,Delhi,DC,field,KTK,normal,18,0,18,0
195,2011,2011-04-21,DC,CSK,Delhi,Delhi,CSK,field,DC,normal,0,0,0,0
196,2011,2011-04-23,DC,GT,Delhi,Delhi,DC,bat,DC,normal,0,0,0,0
197,2011,2011-04-26,KKR,RPS,Kolkata,Kolkata,RPS,bat,KKR,normal,14,0,14,14
198,2011,2011-04-28,GT,RCB,Jaipur,Jaipur,RCB,field,RCB,normal,7,0,7,0
199,2011,2011-05-01,MI,RPS,Pune,Pune,RPS,bat,MI,normal,35,0,35,35
200,2011,2011-05-03,RR,SRH,Bangalore,Bangalore,RR,field,SRH,normal,1,0,0,0
201,2011,2011-05-06,GT,KTK,Hyderabad,Hyderabad,GT,bat,GT,normal,15,0,0,0
202,2011,2011-05-08,RPS,DC,Bangalore,Bangalore,RPS,bat,RPS,normal,11,0,11,0
203,2011,2011-05-11,RR,KTK,Ahmedabad,Ahmedabad,RR,bat,KTK,normal,0,0,0,0
204,2011,2011-05-13,KKR,CSK,Delhi,Delhi,CSK,field,CSK,normal,15,0,15,0
205,2011,2011-05-16,DC,RPS,Mohali,Mohali,RPS,bat,DC,normal,4,0,0,0
206,2011,2011-05-18,KTK,DC,Chennai,Chennai,KTK,bat,DC,normal,24,0,0,24
207,2011,2011-05-21,GL,PBKS,Jaipur,Jaipur,GL,bat,PBKS,normal,0,0,0,0
208,2011,2011-05-23,MI,GT,Hyderabad,Hyderabad,MI,bat,GT,normal,5,0,5,5
209,2011,2011-05-26,PBKS,GT,Hyderabad,Hyderabad,GT,bat,PBKS,normal,0,0,0,0
210,2011,2011-05-28,CSK,SRH,Bangalore,Bangalore,SRH,field,SRH,normal,30,0,30,30
211,2011,2011-05-31,CSK,KKR,Pune,Pune,CSK,bat,CSK,normal,14,0,14,14
212,2011,2011-06-02,SRH,CSK,Delhi,Delhi,CSK,field,CSK,normal,0,0,0,0
213,2011,2011-06-05,RR,KTK,Chennai,Chennai,RR,field,RR,normal,42,0,42,0
214,2011,2011-06-07,KKR,CSK,Mumbai,Mumbai,CSK,bat,CSK,normal,18,0,0,18
215,2011,2011-06-10,DC,KKR,Chennai,Chennai,DC,bat,DC,normal,0,0,0,0
216,2011,2011-06-12,CSK,SRH,Pune,Pune,SRH,bat,CSK,normal,2,0,2,0
217,2011,2011-06-15,CSK,RCB,Ahmedabad,Ahmedabad,RCB,bat,RCB,normal,19,0,0,19
218,2011,2011-06-17,RPS,GT,Kolkata,Kolkata,RPS,field,GT,normal,20,0,20,20
219,2011,2011-06-20,PBKS,RPS,Kochi,Kochi,RPS,field,RPS,normal,0,0,0,0
220,2011,2011-06-22,GT,SRH,Kolkata,Kolkata,GT,field,GT,normal,5,0,5,0
221,2011,2011-06-25,RCB,RR,Kolkata,Kolkata,RCB,field,RR,normal,0,0,0,0
222,2011,2011-06-27,KTK,KKR,Mumbai,Mumbai,KTK,bat,KKR,normal,0,0,0,0
223,2011,2011-06-30,KTK,RPS,Ahmedabad,Ahmedabad,RPS,bat,KTK,normal,7,0,0,7
224,2011,2011-07-02,KTK,MI,Hyderabad,Hyderabad,KTK,field,KTK,normal,0,0,0,0
225,2011,2011-07-05,DC,RR,Hyderabad,Hyderabad,RR,field,RR,normal,9,0,0,0
226,2011,2011-07-07,SRH,PBKS,Kolkata,Kolkata,SRH,bat,PBKS,normal,21,0,0,0
227,2011,2011-07-10,GL,KTK,Jaipur,Jaipur,GL,field,KTK,normal,7,0,7,7
228,2011,2011-07-12,GT,RPS,Kochi,Kochi,RPS,field,RPS,normal,0,0,0,0
229,2011,2011-07-15,RCB,KTK,Ahmedabad,Ahmedabad,RCB,bat,KTK,normal,0,0,0,0
230,2011,2011-07-17,RPS,CSK,Mumbai,Mumbai,RPS,bat,CSK,normal,9,0,0,9
231,2011,2011-07-20,CSK,GL,Kochi,Kochi,CSK,field,GL,normal,43,0,0,0
232,2011,2011-07-22,DC,GT,Delhi,Delhi,DC,bat,DC,normal,33,0,33,33
233,2011,2011-07-25,GL,GT,Delhi,Delhi,GT,field,GT,normal,18,0,0,18
234,2011,2011-07-27,KTK,KKR,Delhi,Delhi,KKR,field,KTK,normal,42,0,0,42
235,2011,2011-07-30,RPS,CSK,Bangalore,Bangalore,CSK,bat,RPS,normal,0,0,0,0
236,2011,2011-08-01,KKR,KTK,Pune,Pune,KTK,bat,KTK,normal,18,0,0,0
237,2011,2011-08-04,CSK,KKR,Pune,Pune,KKR,bat,CSK,normal,49,0,49,0
238,2011,2011-08-06,RR,RPS,Ahmedabad,Ahmedabad,RR,field,RPS,normal,0,0,0,0
239,2011,2011-08-09,MI,PBKS,Pune,Pune,PBKS,field,PBKS,normal,50,0,0,50
240,2011,2011-08-11,RR,KTK,Bangalore,Bangalore,RR,bat,KTK,normal,20,0,0,20
241,2011,2011-08-14,KTK,RPS,Bangalore,Bangalore,KTK,bat,RPS,normal,21,0,21,21
242,2011,2011-08-16,DC,MI,Bangalore,Bangalore,MI,bat,DC,normal,14,0,0,14
243,2011,2011-08-19,MI,GL,Pune,Pune,GL,field,GL,normal,1,0,1,0
244,2011,2011-08-21,GT,KKR,Pune,Pune,GT,field,GT,normal,44,0,0,44
245,2011,2011-08-24,MI,RCB,Jaipur,Jaipur,MI,field,RCB,normal,10,0,0,10
246,2011,2011-08-26,RPS,SRH,Pune,Pune,SRH,bat,RPS,normal,30,0,30,30
247,2011,2011-08-29,GL,RR,Mohali,Mohali,GL,field,RR,normal,0,0,0,0
248,2011,2011-08-31,KKR,SRH,Mohali,Mohali,SRH,bat,KKR,normal,11,0,0,11
249,2011,2011-09-03,RR,PBKS,Chennai,Chennai,RR,field,RR,normal,38,0,38,38
250,2011,2011-09-05,DC,MI,Jaipur,Jaipur,MI,bat,MI,normal,9,0,9,0
251,2011,2011-09-08,MI,SRH,Pune,Pune,SRH,bat,SRH,normal,0,0,0,0
252,2011,2011-09-10,GT,GL,Kochi,Kochi,GL,bat,GT,normal,0,0,0,0
253,2011,2011-09-13,RPS,KTK,Kochi,Kochi,RPS,bat,KTK,normal,11,0,0,11
254,2011,2011-09-15,KTK,GT,Ahmedabad,Ahmedabad,GT,bat,KTK,normal,12,0,0,12
255,2011,2011-09-18,MI,DC,Jaipur,Jaipur,DC,field,MI,normal,5,0,0,5
256,2011,2011-09-20,SRH,PBKS,Hyderabad,Hyderabad,SRH,field,SRH,normal,15,0,0,0
257,2011,2011-09-23,CSK,PBKS,Kochi,Kochi,CSK,bat,CSK,normal,0,0,0,0
258,2011,2011-09-25,RR,SRH,Kolkata,Kolkata,SRH,field,SRH,normal,41,0,0,0
259,2011,2011-09-28,KKR,SRH,Pune,Pune,KKR,bat,SRH,normal,0,0,0,0
260,2011,2011-09-30,MI,GL,Chennai,Chennai,GL,bat,MI,normal,24,0,0,0
261,2012,2012-04-03,RR,GL,Jaipur,Jaipur,RR,field,RR,normal,12,0,12,0
262,2012,2012-04-05,RPS,RCB,Mohali,Mohali,RPS,field,RPS,normal,16,0,16,0
263,2012,2012-04-08,RR,GL,Bangalore,Bangalore,RR,bat,GL,normal,6,0,0,6
264,2012,2012-04-10,PBKS,SRH,Pune,Pune,PBKS,bat,PBKS,normal,1,0,1,0
265,2012,2012-04-13,GT,RPS,Hyderabad,Hyderabad,RPS,field,RPS,normal,16,0,0,0
266,2012,2012-04-15,KKR,DC,Mumbai,Mumbai,KKR,field,DC,normal,18,0,18,0
267,2012,2012-04-18,SRH,GT,Ahmedabad,Ahmedabad,GT,bat,SRH,normal,4,0,4,4
268,2012,2012-04-20,KKR,RR,Chennai,Chennai,RR,field,KKR,normal,2,0,2,2
269,2012,2012-04-23,MI,KKR,Kolkata,Kolkata,KKR,bat,KKR,normal,0,0,0,0
270,2012,2012-04-25,KKR,CSK,Pune,Pune,KKR,field,CSK,normal,0,0,0,0
271,2012,2012-04-28,GL,DC,Ahmedabad,Ahmedabad,DC,bat,GL,normal,9,0,9,9
272,2012,2012-04-30,RCB,PBKS,Kolkata,Kolkata,PBKS,field,PBKS,normal,0,0,0,0
273,2012,2012-05-03,MI,RR,Ahmedabad,Ahmedabad,RR,field,RR,normal,12,0,12,0
274,2012,2012-05-05,KTK,MI,Hyderabad,Hyderabad,KTK,field,MI,normal,18,0,18,18
275,2012,2012-05-08,PBKS,DC,Mohali,Mohali,PBKS,bat,PBKS,normal,16,0,0,0
276,2012,2012-05-10,SRH,CSK,Chennai,Chennai,CSK,bat,SRH,normal,29,0,29,0
277,2012,2012-05-13,RPS,DC,Bangalore,Bangalore,RPS,field,DC,normal,12,0,12,0
278,2012,2012-05-15,CSK,RR,Kochi,Kochi,CSK,bat,RR,normal,8,0,0,8
279,2012,2012-05-18,RCB,GL,Kolkata,Kolkata,GL,bat,GL,normal,0,0,0,0
280,2012,2012-05-20,RCB,SRH,Chennai,Chennai,RCB,bat,RCB,normal,0,0,0,0
281,2012,2012-05-23,RCB,RR,Bangalore,Bangalore,RCB,bat,RCB,normal,0,0,0,0
282,2012,2012-05-25,RPS,RCB,Jaipur,Jaipur,RPS,bat,RCB,normal,14,0,14,14
283,2012,2012-05-28,RR,PBKS,Bangalore,Bangalore,PBKS,bat,RR,normal,18,0,18,0
284,2012,2012-05-30,DC,KKR,Ahmedabad,Ahmedabad,DC,bat,DC,normal,13,0,0,13
285,2012,2012-06-02,SRH,RPS,Pune,Pune,RPS,bat,SRH,normal,1,0,0,0
286,2012,2012-06-04,RR,PBKS,Ahmedabad,Ahmedabad,RR,bat,RR,normal,49,0,0,49
287,2012,2012-06-07,CSK,RR,Ahmedabad,Ahmedabad,RR,field,RR,normal,17,0,0,0
288,2012,2012-06-09,GL,RCB,Delhi,Delhi,GL,bat,GL,normal,0,0,0,0
289,2012,2012-06-12,RPS,KTK,Kochi,Kochi,RPS,bat,RPS,normal,0,0,0,0
290,2012,2012-06-14,MI,SRH,Pune,Pune,MI,bat,MI,normal,20,0,20,20
291,2012,2012-06-17,PBKS,GT,Ahmedabad,Ahmedabad,GT,bat,GT,normal,11,0,11,11
292,2012,2012-06-19,RR,DC,Ahmedabad,Ahmedabad,RR,field,RR,normal,0,0,0,0
293,2012,2012-06-22,SRH,GL,Bangalore,Bangalore,SRH,bat,GL,normal,11,0,11,11
294,2012,2012-06-24,CSK,KKR,Mumbai,Mumbai,CSK,bat,KKR,normal,24,0,24,0
295,2012,2012-06-27,KTK,RPS,Jaipur,Jaipur,RPS,field,KTK,normal,8,0,8,0
296,2012,2012-06-29,MI,GT,Kochi,Kochi,MI,field,MI,normal,0,0,0,0
297,2012,2012-07-02,DC,KTK,Mohali,Mohali,KTK,bat,DC,normal,36,0,0,0
298,2012,2012-07-04,KTK,GL,Kolkata,Kolkata,KTK,bat,GL,normal,19,0,0,0
299,2012,2012-07-07,CSK,KKR,Ahmedabad,Ahmedabad,CSK,field,KKR,normal,1,0,1,0
300,2012,2012-07-09,MI,KKR,Ahmedabad,Ahmedabad,MI,field,MI,normal,27,0,0,0
301,2012,2012-07-12,GT,RR,Mohali,Mohali,GT,bat,RR,normal,0,0,0,0
302,2012,2012-07-14,GL,KTK,Mumbai,Mumbai,KTK,field,KTK,normal,43,0,43,0
303,2012,2012-07-17,RR,PBKS,Mohali,Mohali,RR,bat,PBKS,normal,18,0,18,0
304,2012,2012-07-19,RCB,MI,Bangalore,Bangalore,RCB,field,MI,normal,11,0,11,11
305,2012,2012-07-22,DC,SRH,Delhi,Delhi,SRH,bat,DC,normal,0,0,0,0
306,2012,2012-07-24,RCB,MI,Kolkata,Kolkata,MI,field,MI,normal,26,0,26,26
307,2012,2012-07-27,RR,SRH,Ahmedabad,Ahmedabad,RR,bat,RR,normal,7,0,0,0
308,2012,2012-07-29,KKR,RCB,Kolkata,Kolkata,RCB,bat,RCB,normal,0,0,0,0
309,2012,2012-08-01,RPS,SRH,Bangalore,Bangalore,SRH,bat,RPS,normal,22,0,0,0
310,2012,2012-08-03,KTK,RR,Hyderabad,Hyderabad,RR,bat,KTK,normal,25,0,25,25
311,2012,2012-08-06,SRH,RCB,Mumbai,Mumbai,RCB,field,SRH,normal,10,0,0,10
312,2012,2012-08-08,RCB,RR,Kolkata,Kolkata,RR,field,RCB,normal,41,0,0,0
313,2012,2012-08-11,PBKS,GL,Ahmedabad,Ahmedabad,PBKS,field,GL,normal,25,0,25,25
314,2012,2012-08-13,DC,CSK,Hyderabad,Hyderabad,DC,bat,CSK,normal,50,0,0,50
315,2012,2012-08-16,GT,CSK,Kolkata,Kolkata,GT,field,CSK,normal,23,0,23,0
316,2012,2012-08-18,GL,CSK,Mohali,Mohali,CSK,bat,GL,normal,7,0,0,7
317,2012,2012-08-21,KKR,GL,Kolkata,Kolkata,GL,bat,KKR,normal,34,0,34,34
318,2012,2012-08-23,RCB,PBKS,Mumbai,Mumbai,RCB,bat,RCB,normal,0,0,0,0
319,2012,2012-08-26,MI,PBKS,Kochi,Kochi,PBKS,field,PBKS,normal,4,0,0,4
320,2012,2012-08-28,RR,RPS,Hyderabad,Hyderabad,RPS,bat,RPS,normal,0,0,0,0
321,2012,2012-08-31,RR,DC,Delhi,Delhi,DC,bat,RR,normal,0,0,0,0
322,2012,2012-09-02,GL,KKR,Kochi,Kochi,GL,bat,GL,normal,5,0,0,5
323,2012,2012-09-05,RPS,MI,Kochi,Kochi,RPS,bat,MI,normal,1,0,1,1
324,2012,2012-09-07,MI,CSK,Mumbai,Mumbai,CSK,field,CSK,normal,29,0,29,29
325,2012,2012-09-10,RR,MI,Hyderabad,Hyderabad,RR,field,RR,normal,11,0,0,11
326,2013,2013-03-17,PBKS,RCB,Jaipur,Jaipur,PBKS,field,PBKS,normal,0,0,0,0
327,2013,2013-03-19,SRH,CSK,Jaipur,Jaipur,SRH,bat,SRH,normal,39,0,0,0
328,2013,2013-03-22,RR,GT,Ahmedabad,Ahmedabad,RR,bat,GT,normal,10,0,0,0
329,2013,2013-03-24,SRH,RCB,Mumbai,Mumbai,RCB,field,RCB,normal,1,0,0,1
330,2013,2013-03-27,RCB,RPS,Delhi,Delhi,RPS,field,RCB,normal,4,0,0,0
331,2013,2013-03-29,MI,RPS,Ahmedabad,Ahmedabad,RPS,bat,RPS,normal,12,0,0,12
332,2013,2013-04-01,SRH,DC,Kolkata,Kolkata,SRH,bat,DC,normal,37,0,37,0
333,2013,2013-04-03,RR,GL,Kolkata,Kolkata,GL,bat,RR,normal,17,0,0,17
334,2013,2013-04-06,KTK,CSK,Ahmedabad,Ahmedabad,KTK,bat,KTK,normal,8,0,8,8
335,2013,2013-04-08,RR,MI,Kochi,Kochi,MI,field,MI,normal,0,0,0,0
336,2013,2013-04-11,MI,KTK,Jaipur,Jaipur,KTK,bat,KTK,normal,11,0,11,0
337,2013,2013-04-13,GT,RR,Chennai,Chennai,GT,bat,RR,normal,0,0,0,0
338,2013,2013-04-16,DC,GT,Mohali,Mohali,GT,field,GT,normal,0,0,0,0
339,2013,2013-04-18,RCB,GL,Pune,Pune,RCB,bat,GL,normal,13,0,13,0
340,2013,2013-04-21,PBKS,CSK,Mohali,Mohali,PBKS,bat,CSK,normal,9,0,0,0
341,2013,2013-04-23,SRH,PBKS,Delhi,Delhi,PBKS,bat,PBKS,normal,39,0,39,39
342,2013,2013-04-26,SRH,GT,Mohali,Mohali,GT,field,SRH,normal,33,0,0,0
343,2013,2013-04-28,GL,CSK,Bangalore,Bangalore,GL,field,GL,normal,13,0,0,13
344,2013,2013-05-01,KKR,DC,Mohali,Mohali,KKR,bat,DC,normal,0,0,0,0
345,2013,2013-05-03,SRH,RCB,Hyderabad,Hyderabad,SRH,field,RCB,normal,6,0,0,6
346,2013,2013-05-06,GL,KKR,Kolkata,Kolkata,KKR,bat,GL,normal,7,0,7,0
347,2013,2013-05-08,RPS,CSK,Hyderabad,Hyderabad,RPS,bat,RPS,normal,0,0,0,0
348,2013,2013-05-11,DC,RPS,Delhi,Delhi,RPS,bat,RPS,normal,12,0,0,0
349,2013,2013-05-13,GL,RR,Pune,Pune,RR,field,GL,normal,0,0,0,0
350,2013,2013-05-16,MI,PBKS,Delhi,Delhi,PBKS,bat,PBKS,normal,0,0,0,0
351,2013,2013-05-18,CSK,GL,Jaipur,Jaipur,CSK,field,GL,normal,0,0,0,0
352,2013,2013-05-21,RR,KTK,Jaipur,Jaipur,KTK,bat,RR,normal,38,0,38,0
353,2013,2013-05-23,SRH,RPS,Mohali,Mohali,RPS,bat,RPS,normal,11,0,0,0
354,2013,2013-05-26,KTK,GT,Bangalore,Bangalore,GT,bat,GT,normal,42,0,42,42
355,2013,2013-05-28,PBKS,KTK,Delhi,Delhi,PBKS,bat,KTK,normal,4,0,0,4
356,2013,2013-05-31,MI,RPS,Jaipur,Jaipur,MI,bat,RPS,normal,27,0,0,0
357,2013,2013-06-02,SRH,RCB,Mohali,Mohali,RCB,bat,SRH,normal,3,0,0,3
358,2013,2013-06-05,SRH,DC,Kolkata,Kolkata,SRH,bat,SRH,normal,6,0,6,0
359,2013,2013-06-07,RR,KTK,Hyderabad,Hyderabad,RR,field,KTK,normal,0,0,0,0
360,2013,2013-06-10,GT,KKR,Mumbai,Mumbai,KKR,field,GT,normal,41,0,0,41
361,2013,2013-06-12,GL,DC,Bangalore,Bangalore,DC,field,GL,normal,10,0,0,0
362,2013,2013-06-15,RCB,PBKS,Hyderabad,Hyderabad,PBKS,bat,PBKS,normal,49,0,0,0
363,2013,2013-06-17,RCB,KKR,Mumbai,Mumbai,RCB,field,RCB,normal,0,0,0,0
364,2013,2013-06-20,GT,GL,Mumbai,Mumbai,GT,bat,GT,normal,0,0,0,0
365,2013,2013-06-22,RR,MI,Ahmedabad,Ahmedabad,RR,field,MI,normal,31,0,0,31
366,2013,2013-06-25,GT,DC,Pune,Pune,GT,field,GT,normal,0,0,0,0
367,2013,2013-06-27,KKR,GL,Kolkata,Kolkata,GL,field,GL,normal,7,0,0,0
368,2013,2013-06-30,KKR,SRH,Mohali,Mohali,KKR,bat,KKR,normal,0,0,0,0
369,2013,2013-07-02,RCB,MI,Ahmedabad,Ahmedabad,RCB,field,RCB,normal,4,0,4,4
370,2013,2013-07-05,SRH,CSK,Chennai,Chennai,CSK,field,SRH,normal,10,0,10,10
371,2013,2013-07-07,CSK,KTK,Bangalore,Bangalore,KTK,bat,CSK,normal,12,0,0,12
372,2013,2013-07-10,MI,RR,Jaipur,Jaipur,RR,field,RR,normal,0,0,0,0
373,2013,2013-07-12,MI,RCB,Mumbai,Mumbai,RCB,field,MI,normal,0,0,0,0
374,2013,2013-07-15,PBKS,GL,Mumbai,Mumbai,GL,field,PBKS,normal,31,0,0,31
375,2013,2013-07-17,PBKS,CSK,Kochi,Kochi,PBKS,field,PBKS,normal,0,0,0,0
376,2013,2013-07-20,PBKS,RPS,Kochi,Kochi,PBKS,bat,RPS,normal,0,0,0,0
377,2013,2013-07-22,SRH,KTK,Bangalore,Bangalore,SRH,field,SRH,normal,16,0,16,16
378,2013,2013-07-25,KKR,GT,Kochi,Kochi,GT,field,GT,normal,26,0,26,26
379,2013,2013-07-27,SRH,KTK,Mohali,Mohali,KTK,field,SRH,normal,32,0,0,0
380,2013,2013-07-30,MI,GL,Pune,Pune,GL,field,GL,normal,33,0,0,33
381,2013,2013-08-01,KKR,SRH,Mohali,Mohali,SRH,bat,SRH,normal,0,0,0,0
382,2013,2013-08-04,CSK,PBKS,Mohali,Mohali,CSK,bat,PBKS,normal,17,0,17,17
383,2013,2013-08-06,KTK,RR,Chennai,Chennai,KTK,field,RR,normal,40,0,0,0
384,2014,2014-04-06,PBKS,MI,Jaipur,Jaipur,MI,field,PBKS,normal,41,0,41,0
385,2014,2014-04-08,RCB,SRH,Mumbai,Mumbai,SRH,bat,RCB,normal,0,0,0,0
386,2014,2014-04-11,RCB,MI,Jaipur,Jaipur,RCB,field,MI,normal,13,0,0,13
387,2014,2014-04-13,DC,SRH,Bangalore,Bangalore,SRH,field,DC,normal,0,0,0,0
388,2014,2014-04-16,RPS,KKR,Kolkata,Kolkata,KKR,bat,RPS,normal,0,0,0,0
389,2014,2014-04-18,RCB,GT,Ahmedabad,Ahmedabad,GT,field,GT,normal,4,0,4,0
390,2014,2014-04-21,GT,DC,Jaipur,Jaipur,DC,bat,GT,normal,34,0,0,34
391,2014,2014-04-23,DC,RCB,Delhi,Delhi,RCB,bat,RCB,normal,0,0,0,0
392,2014,2014-04-26,SRH,MI,Pune,Pune,SRH,field,SRH,normal,18,0,18,18
393,2014,2014-04-28,RR,KTK,Jaipur,Jaipur,KTK,bat,KTK,normal,36,0,36,0
394,2014,2014-05-01,SRH,KKR,Kochi,Kochi,SRH,bat,KKR,normal,0,0,0,0
395,2014,2014-05-03,RPS,MI,Bangalore,Bangalore,MI,bat,RPS,normal,48,0,0,0
396,2014,2014-05-06,RCB,KTK,Pune,Pune,RCB,bat,KTK,normal,11,0,0,11
397,2014,2014-05-08,CSK,RPS,Pune,Pune,RPS,bat,RPS,normal,0,0,0,0
398,2014,2014-05-11,KKR,RCB,Ahmedabad,Ahmedabad,RCB,bat,KKR,normal,6,0,0,0
399,2014,2014-05-13,RPS,PBKS,Mohali,Mohali,PBKS,bat,PBKS,normal,0,0,0,0
400,2014,2014-05-16,KKR,RPS,Pune,Pune,KKR,field,KKR,normal,11,0,0,0
401,2014,2014-05-18,CSK,GT,Mohali,Mohali,CSK,field,GT,normal,2,0,2,0
402,2014,2014-05-21,RCB,GT,Ahmedabad,Ahmedabad,RCB,field,RCB,normal,41,0,41,41
403,2014,2014-05-23,KTK,RR,Kochi,Kochi,RR,field,KTK,normal,48,0,0,48
404,2014,2014-05-26,RCB,DC,Ahmedabad,Ahmedabad,DC,field,RCB,normal,8,0,0,8
405,2014,2014-05-28,PBKS,CSK,Jaipur,Jaipur,PBKS,bat,PBKS,normal,0,0,0,0
406,2014,2014-05-31,GT,MI,Delhi,Delhi,MI,field,MI,normal,3,0,0,0
407,2014,2014-06-02,SRH,RCB,Ahmedabad,Ahmedabad,RCB,bat,SRH,normal,0,0,0,0
408,2014,2014-06-05,KTK,RPS,Mohali,Mohali,KTK,bat,KTK,normal,36,0,0,0
409,2014,2014-06-07,GT,KTK,Chennai,Chennai,KTK,bat,KTK,normal,14,0,0,14
410,2014,2014-06-10,DC,KKR,Chennai,Chennai,KKR,bat,DC,normal,43,0,0,43
411,2014,2014-06-12,MI,KKR,Pune,Pune,MI,bat,KKR,normal,22,0,0,22
412,2014,2014-06-15,KKR,PBKS,Hyderabad,Hyderabad,PBKS,bat,PBKS,normal,0,0,0,0
413,2014,2014-06-17,PBKS,RR,Bangalore,Bangalore,RR,field,PBKS,normal,21,0,21,21
414,2014,2014-06-20,KTK,PBKS,Hyderabad,Hyderabad,PBKS,bat,PBKS,normal,12,0,0,0
415,2014,2014-06-22,DC,RCB,Ahmedabad,Ahmedabad,DC,bat,DC,normal,0,0,0,0
416,2014,2014-06-25,GL,KTK,Jaipur,Jaipur,KTK,bat,GL,normal,18,0,0,18
417,2014,2014-06-27,GL,DC,Bangalore,Bangalore,DC,field,DC,normal,33,0,33,0
418,2014,2014-06-30,GL,RPS,Bangalore,Bangalore,GL,field,GL,normal,29,0,29,29
419,2014,2014-07-02,SRH,KKR,Chennai,Chennai,SRH,field,KKR,normal,24,0,0,0
420,2014,2014-07-05,CSK,KTK,Kochi,Kochi,KTK,field,KTK,normal,0,0,0,0
421,2014,2014-07-07,RR,RPS,Jaipur,Jaipur,RPS,field,RPS,normal,0,0,0,0
422,2014,2014-07-10,RR,PBKS,Mohali,Mohali,RR,field,PBKS,normal,31,0,0,31
423,2014,2014-07-12,RPS,DC,Kolkata,Kolkata,RPS,bat,RPS,normal,6,0,0,6
424,2014,2014-07-15,MI,SRH,Kochi,Kochi,MI,field,SRH,normal,0,0,0,0
425,2014,2014-07-17,GL,KTK,Bangalore,Bangalore,GL,bat,GL,normal,41,0,0,0
426,2014,2014-07-20,GT,RR,Pune,Pune,GT,field,GT,normal,47,0,47,47
427,2014,2014-07-22,SRH,RCB,Kolkata,Kolkata,SRH,field,RCB,normal,0,0,0,0
428,2014,2014-07-25,SRH,GL,Pune,Pune,SRH,bat,SRH,normal,13,0,0,0
429,2014,2014-07-27,GT,RPS,Jaipur,Jaipur,RPS,bat,GT,normal,39,0,39,0
430,2014,2014-07-30,MI,KTK,Hyderabad,Hyderabad,KTK,field,MI,normal,39,0,0,39
431,2014,2014-08-01,GT,RR,Kolkata,Kolkata,GT,field,RR,normal,13,0,0,13
432,2014,2014-08-04,KKR,MI,Delhi,Delhi,KKR,bat,MI,normal,17,0,17,17
433,2014,2014-08-06,KKR,PBKS,Jaipur,Jaipur,PBKS,field,PBKS,normal,5,0,5,5
434,2014,2014-08-09,PBKS,GL,Delhi,Delhi,GL,bat,GL,normal,7,0,0,0
435,2014,2014-08-11,DC,KTK,Pune,Pune,DC,bat,KTK,normal,0,0,0,0
436,2014,2014-08-14,KTK,RCB,Chennai,Chennai,KTK,bat,KTK,normal,13,0,0,0
437,2014,2014-08-16,MI,RCB,Hyderabad,Hyderabad,MI,field,RCB,normal,3,0,0,3
438,2014,2014-08-19,RR,KTK,Pune,Pune,RR,field,KTK,normal,46,0,0,46
439,2014,2014-08-21,RPS,GT,Delhi,Delhi,RPS,bat,RPS,normal,0,0,0,0
440,2014,2014-08-24,RPS,CSK,Bangalore,Bangalore,CSK,field,RPS,normal,13,0,13,0
441,2014,2014-08-26,KTK,MI,Chennai,Chennai,MI,field,MI,normal,0,0,0,0
442,2014,2014-08-29,GL,KKR,Hyderabad,Hyderabad,GL,field,KKR,normal,1,0,1,0
443,2014,2014-08-31,GT,DC,Mohali,Mohali,DC,field,GT,normal,0,0,0,0
444,2014,2014-09-03,KKR,PBKS,Hyderabad,Hyderabad,KKR,field,PBKS,normal,1,0,0,0
445,2015,2015-04-05,KTK,KKR,Mohali,Mohali,KTK,field,KKR,normal,0,0,0,0
446,2015,2015-04-07,RPS,PBKS,Chennai,Chennai,RPS,field,RPS,normal,11,0,0,0
447,2015,2015-04-10,KKR,SRH,Kolkata,Kolkata,KKR,bat,KKR,normal,8,0,0,8
448,2015,2015-04-12,GL,PBKS,Bangalore,Bangalore,PBKS,bat,GL,normal,0,0,0,0
449,2015,2015-04-15,CSK,SRH,Mohali,Mohali,SRH,bat,SRH,normal,19,0,19,0
450,2015,2015-04-17,DC,RR,Kolkata,Kolkata,RR,bat,DC,normal,17,0,17,17
451,2015,2015-04-20,RPS,RCB,Hyderabad,Hyderabad,RCB,bat,RPS,normal,17,0,0,17
452,2015,2015-04-22,GL,MI,Mohali,Mohali,MI,bat,MI,normal,40,0,0,0
453,2015,2015-04-25,PBKS,KTK,Bangalore,Bangalore,KTK,field,KTK,normal,7,0,7,7
454,2015,2015-04-27,RCB,GL,Bangalore,Bangalore,GL,field,RCB,normal,7,0,0,0
455,2015,2015-04-30,KTK,RCB,Hyderabad,Hyderabad,KTK,field,KTK,normal,14,0,14,14
456,2015,2015-05-02,GT,GL,Mumbai,Mumbai,GT,field,GL,normal,7,0,0,0
457,2015,2015-05-05,SRH,PBKS,Delhi,Delhi,PBKS,field,PBKS,normal,0,0,0,0
458,2015,2015-05-07,RPS,GL,Kolkata,Kolkata,GL,field,RPS,normal,10,0,10,10
459,2015,2015-05-10,MI,RR,Pune,Pune,RR,field,RR,normal,30,0,30,0
460,2015,2015-05-12,MI,KTK,Bangalore,Bangalore,KTK,field,KTK,normal,11,0,11,11
461,2015,2015-05-15,SRH,PBKS,Pune,Pune,SRH,bat,PBKS,normal,27,0,27,0
462,2015,2015-05-17,KTK,MI,Kolkata,Kolkata,KTK,field,KTK,normal,26,0,26,26
463,2015,2015-05-20,RR,GT,Chennai,Chennai,RR,field,RR,normal,17,0,0,17
464,2015,2015-05-22,DC,SRH,Kochi,Kochi,DC,bat,DC,normal,9,0,9,0
465,2015,2015-05-25,PBKS,SRH,Hyderabad,Hyderabad,PBKS,field,SRH,normal,36,0,36,0
466,2015,2015-05-27,GL,RR,Ahmedabad,Ahmedabad,GL,bat,RR,normal,0,0,0,0
467,2015,2015-05-30,DC,RCB,Delhi,Delhi,RCB,field,DC,normal,1,0,0,1
468,2015,2015-06-01,SRH,KTK,Delhi,Delhi,SRH,bat,SRH,normal,14,0,14,14
469,2015,2015-06-04,GT,RR,Jaipur,Jaipur,GT,field,GT,normal,13,0,0,0
470,2015,2015-06-06,GT,GL,Kochi,Kochi,GL,bat,GL,normal,18,0,18,18
471,2015,2015-06-09,DC,MI,Kochi,Kochi,MI,bat,MI,normal,15,0,0,15
472,2015,2015-06-11,GT,CSK,Bangalore,Bangalore,CSK,bat,GT,normal,19,0,0,19
473,2015,2015-06-14,SRH,KKR,Mohali,Mohali,KKR,bat,KKR,normal,16,0,0,0
474,2015,2015-06-16,RCB,CSK,Delhi,Delhi,RCB,bat,CSK,normal,18,0,18,18
475,2015,2015-06-19,RR,CSK,Chennai,Chennai,RR,bat,RR,normal,25,0,0,0
476,2015,2015-06-21,GT,RPS,Kolkata,Kolkata,GT,bat,RPS,normal,10,0,10,0
477,2015,2015-06-24,MI,DC,Hyderabad,Hyderabad,MI,bat,DC,normal,13,0,0,13
478,2015,2015-06-26,CSK,RCB,Delhi,Delhi,CSK,field,CSK,normal,26,0,26,26
479,2015,2015-06-29,MI,KKR,Bangalore,Bangalore,MI,bat,KKR,normal,20,0,0,20
480,2015,2015-07-01,GT,MI,Bangalore,Bangalore,MI,field,MI,normal,0,0,0,0
481,2015,2015-07-04,RR,PBKS,Bangalore,Bangalore,PBKS,field,PBKS,normal,0,0,0,0
482,2015,2015-07-06,GL,RCB,Ahmedabad,Ahmedabad,GL,bat,RCB,normal,15,0,15,15
483,2015,2015-07-09,DC,GT,Mohali,Mohali,DC,bat,GT,normal,17,0,17,17
484,2015,2015-07-11,GL,KKR,Mohali,Mohali,GL,field,GL,normal,18,0,18,18
485,2015,2015-07-14,DC,PBKS,Jaipur,Jaipur,DC,bat,PBKS,normal,0,0,0,0
486,2015,2015-07-16,CSK,KKR,Chennai,Chennai,KKR,field,KKR,normal,13,0,13,0
487,2015,2015-07-19,DC,CSK,Mohali,Mohali,DC,field,DC,normal,39,0,39,0
488,2015,2015-07-21,SRH,RPS,Mumbai,Mumbai,SRH,field,RPS,normal,14,0,14,0
489,2015,2015-07-24,DC,MI,Kolkata,Kolkata,MI,bat,DC,normal,0,0,0,0
490,2015,2015-07-26,GL,RPS,Bangalore,Bangalore,RPS,field,RPS,normal,0,0,0,0
491,2015,2015-07-29,MI,RCB,Bangalore,Bangalore,MI,field,RCB,normal,0,0,0,0
492,2015,2015-07-31,GT,PBKS,Mohali,Mohali,PBKS,bat,PBKS,normal,0,0,0,0
493,2015,2015-08-03,GT,DC,Mohali,Mohali,GT,field,DC,normal,29,0,29,0
494,2015,2015-08-05,DC,CSK,Delhi,Delhi,CSK,bat,DC,normal,14,0,0,14
495,2015,2015-08-08,RCB,KTK,Delhi,Delhi,KTK,field,KTK,normal,38,0,0,38
496,2015,2015-08-10,KKR,MI,Mohali,Mohali,KKR,field,MI,normal,0,0,0,0
497,2015,2015-08-13,RR,MI,Mumbai,Mumbai,RR,bat,MI,normal,14,0,14,0
498,2015,2015-08-15,CSK,RPS,Kochi,Kochi,CSK,field,RPS,normal,0,0,0,0
499,2015,2015-08-18,GT,KKR,Bangalore,Bangalore,GT,bat,GT,normal,13,0,0,0
500,2015,2015-08-20,RCB,KTK,Mohali,Mohali,RCB,field,RCB,normal,0,0,0,0
501,2015,2015-08-23,RR,RCB,Bangalore,Bangalore,RCB,bat,RCB,normal,7,0,7,0
502,2015,2015-08-25,GT,KKR,Kolkata,Kolkata,GT,bat,GT,normal,14,0,14,14
503,2015,2015-08-28,PBKS,KKR,Mohali,Mohali,PBKS,field,KKR,normal,1,0,1,0
504,2015,2015-08-30,SRH,GL,Bangalore,Bangalore,GL,bat,GL,normal,3,0,3,0
505,2015,2015-09-02,MI,CSK,Kolkata,Kolkata,MI,field,MI,normal,1,0,0,1
506,2015,2015-09-04,KKR,GT,Kolkata,Kolkata,GT,bat,KKR,normal,17,0,17,0
507,2016,2016-04-02,RPS,GT,Mumbai,Mumbai,RPS,field,GT,normal,2,0,0,0
508,2016,2016-04-04,CSK,MI,Jaipur,Jaipur,CSK,field,MI,normal,43,0,43,0
509,2016,2016-04-07,KKR,RR,Ahmedabad,Ahmedabad,KKR,bat,KKR,normal,0,0,0,0
510,2016,2016-04-09,GT,CSK,Mumbai,Mumbai,CSK,field,GT,normal,10,0,10,10
511,2016,2016-04-12,RPS,PBKS,Mohali,Mohali,RPS,field,PBKS,normal,17,0,17,0
512,2016,2016-04-14,CSK,GT,Delhi,Delhi,CSK,bat,CSK,normal,11,0,11,0
513,2016,2016-04-17,RPS,GL,Kochi,Kochi,RPS,field,RPS,normal,0,0,0,0
514,2016,2016-04-19,PBKS,SRH,Ahmedabad,Ahmedabad,PBKS,bat,PBKS,normal,0,0,0,0
515,2016,2016-04-22,GT,RCB,Jaipur,Jaipur,RCB,bat,GT,normal,42,0,42,0
516,2016,2016-04-24,MI,RCB,Mohali,Mohali,RCB,field,MI,normal,1,0,0,0
517,2016,2016-04-27,RPS,DC,Bangalore,Bangalore,RPS,field,RPS,normal,7,0,7,0
518,2016,2016-04-29,GL,KKR,Kolkata,Kolkata,KKR,bat,GL,normal,0,0,0,0
519,2016,2016-05-02,KTK,RPS,Mohali,Mohali,KTK,bat,KTK,normal,16,0,0,16
520,2016,2016-05-04,CSK,DC,Jaipur,Jaipur,CSK,bat,CSK,normal,48,0,48,0
521,2016,2016-05-07,GL,SRH,Mohali,Mohali,GL,field,SRH,normal,14,0,14,14
522,2016,2016-05-09,KTK,GL,Pune,Pune,GL,bat,KTK,normal,4,0,4,4
523,2016,2016-05-12,GT,RR,Mumbai,Mumbai,RR,field,RR,normal,34,0,0,34
524,2016,2016-05-14,DC,SRH,Bangalore,Bangalore,DC,field,SRH,normal,19,0,19,19
525,2016,2016-05-17,KTK,GT,Chennai,Chennai,KTK,field,KTK,normal,0,0,0,0
526,2016,2016-05-19,RCB,SRH,Pune,Pune,SRH,bat,RCB,normal,3,0,3,3
527,2016,2016-05-22,MI,SRH,Kochi,Kochi,SRH,bat,SRH,normal,0,0,0,0
528,2016,2016-05-24,RCB,PBKS,Pune,Pune,RCB,field,RCB,normal,11,0,0,0
529,2016,2016-05-27,SRH,DC,Kochi,Kochi,SRH,field,SRH,normal,8,0,0,8
530,2016,2016-05-29,SRH,GT,Mumbai,Mumbai,GT,field,GT,normal,0,0,0,0
531,2016,2016-06-01,GL,CSK,Kolkata,Kolkata,GL,bat,CSK,normal,40,0,0,0
532,2016,2016-06-03,CSK,RCB,Mumbai,Mumbai,CSK,field,RCB,normal,22,0,22,22
533,2016,2016-06-06,DC,GL,Kochi,Kochi,DC,bat,DC,normal,19,0,19,19
534,2016,2016-06-08,RR,MI,Jaipur,Jaipur,RR,field,RR,normal,19,0,0,19
535,2016,2016-06-11,KKR,KTK,Pune,Pune,KKR,field,KKR,normal,0,0,0,0
536,2016,2016-06-13,KTK,DC,Jaipur,Jaipur,DC,bat,DC,normal,0,0,0,0
537,2016,2016-06-16,KTK,RPS,Hyderabad,Hyderabad,RPS,bat,RPS,normal,12,0,0,12
538,2016,2016-06-18,RPS,MI,Kolkata,Kolkata,MI,bat,MI,normal,2,0,0,2
539,2016,2016-06-21,DC,KTK,Chennai,Chennai,KTK,bat,KTK,normal,0,0,0,0
540,2016,2016-06-23,RR,GL,Pune,Pune,GL,field,RR,normal,7,0,7,0
541,2016,2016-06-26,RPS,RCB,Hyderabad,Hyderabad,RCB,field,RPS,normal,0,0,0,0
542,2016,2016-06-28,KTK,CSK,Ahmedabad,Ahmedabad,KTK,bat,CSK,normal,0,0,0,0
543,2016,2016-07-01,PBKS,MI,Bangalore,Bangalore,PBKS,field,MI,normal,11,0,0,11
544,2016,2016-07-03,DC,PBKS,Mumbai,Mumbai,DC,field,PBKS,normal,3,0,0,0
545,2016,2016-07-06,KKR,GT,Delhi,Delhi,KKR,bat,KKR,normal,8,0,0,8
546,2016,2016-07-08,SRH,GT,Bangalore,Bangalore,GT,field,SRH,normal,0,0,0,0
547,2016,2016-07-11,GT,RPS,Bangalore,Bangalore,RPS,bat,GT,normal,2,0,0,0
548,2016,2016-07-13,RPS,GL,Chennai,Chennai,GL,bat,GL,normal,30,0,30,30
549,2016,2016-07-16,KKR,PBKS,Kolkata,Kolkata,PBKS,field,KKR,normal,0,0,0,0
550,2016,2016-07-18,RCB,DC,Chennai,Chennai,RCB,bat,RCB,normal,0,0,0,0
551,2016,2016-07-21,DC,RCB,Delhi,Delhi,RCB,field,DC,normal,3,0,0,3
552,2016,2016-07-23,RPS,CSK,Chennai,Chennai,CSK,bat,CSK,normal,3,0,3,0
553,2016,2016-07-26,RPS,SRH,Pune,Pune,RPS,field,SRH,normal,20,0,20,20
554,2016,2016-07-28,KTK,SRH,Chennai,Chennai,KTK,bat,SRH,normal,15,0,0,0
555,2016,2016-07-31,DC,PBKS,Jaipur,Jaipur,PBKS,field,DC,normal,11,0,0,11
556,2016,2016-08-02,PBKS,SRH,Hyderabad,Hyderabad,PBKS,bat,PBKS,normal,0,0,0,0
557,2016,2016-08-05,MI,PBKS,Ahmedabad,Ahmedabad,PBKS,field,MI,normal,18,0,0,18
558,2016,2016-08-07,RCB,SRH,Jaipur,Jaipur,SRH,field,RCB,normal,0,0,0,0
559,2016,2016-08-10,KTK,KKR,Bangalore,Bangalore,KTK,field,KTK,normal,19,0,0,19
560,2016,2016-08-12,SRH,RCB,Delhi,Delhi,RCB,field,RCB,normal,5,0,0,0
561,2016,2016-08-15,MI,KKR,Bangalore,Bangalore,MI,field,MI,normal,0,0,0,0
562,2016,2016-08-17,GL,SRH,Kolkata,Kolkata,SRH,field,GL,normal,11,0,11,0
563,2016,2016-08-20,MI,GL,Mumbai,Mumbai,GL,bat,GL,normal,9,0,0,0
564,2016,2016-08-22,PBKS,MI,Delhi,Delhi,MI,field,PBKS,normal,0,0,0,0
565,2016,2016-08-25,RR,GT,Kolkata,Kolkata,GT,field,RR,normal,31,0,31,31
566,2016,2016-08-27,RPS,RCB,Bangalore,Bangalore,RCB,field,RPS,normal,5,0,5,5
567,2016,2016-08-30,RCB,RPS,Jaipur,Jaipur,RCB,field,RPS,normal,20,0,20,0
568,2016,2016-09-01,SRH,RR,Mohali,Mohali,SRH,field,SRH,normal,0,0,0,0
569,2016,2016-09-04,GT,DC,Jaipur,Jaipur,DC,field,DC,normal,0,0,0,0
570,2016,2016-09-06,KTK,MI,Bangalore,Bangalore,KTK,bat,MI,normal,30,0,0,0
571,2016,2016-09-09,RPS,MI,Kochi,Kochi,RPS,field,MI,normal,2,0,0,0
572,2016,2016-09-11,GL,PBKS,Jaipur,Jaipur,GL,field,PBKS,normal,19,0,19,0
573,2016,2016-09-14,CSK,RPS,Hyderabad,Hyderabad,RPS,bat,CSK,normal,0,0,0,0
574,2017,2017-04-11,DC,KTK,Bangalore,Bangalore,DC,bat,KTK,normal,18,0,18,0
575,2017,2017-04-13,RPS,SRH,Mohali,Mohali,RPS,bat,RPS,normal,8,0,0,8
576,2017,2017-04-16,RCB,GL,Bangalore,Bangalore,RCB,field,GL,normal,14,0,14,14
577,2017,2017-04-18,GL,PBKS,Mumbai,Mumbai,GL,field,PBKS,normal,49,0,0,49
578,2017,2017-04-21,KTK,GT,Kolkata,Kolkata,GT,bat,GT,normal,13,0,13,13
579,2017,2017-04-23,DC,SRH,Jaipur,Jaipur,SRH,field,SRH,normal,34,0,34,0
580,2017,2017-04-26,DC,PBKS,Delhi,Delhi,PBKS,field,PBKS,normal,0,0,0,0
581,2017,2017-04-28,KTK,RPS,Pune,Pune,KTK,field,KTK,normal,0,0,0,0
582,2017,2017-05-01,MI,CSK,Jaipur,Jaipur,CSK,field,MI,normal,0,0,0,0
583,2017,2017-05-03,KKR,CSK,Mumbai,Mumbai,KKR,bat,KKR,normal,0,0,0,0
584,2017,2017-05-06,GL,RCB,Jaipur,Jaipur,RCB,field,GL,normal,6,0,6,6
585,2017,2017-05-08,SRH,DC,Jaipur,Jaipur,DC,bat,DC,normal,17,0,0,17
586,2017,2017-05-11,CSK,DC,Delhi,Delhi,CSK,field,CSK,normal,3,0,0,3
587,2017,2017-05-13,RCB,GT,Jaipur,Jaipur,GT,bat,RCB,normal,4,0,0,4
588,2017,2017-05-16,KTK,DC,Hyderabad,Hyderabad,KTK,bat,KTK,normal,0,0,0,0
589,2017,2017-05-18,KTK,PBKS,Jaipur,Jaipur,PBKS,field,KTK,normal,16,0,16,0
590,2017,2017-05-21,MI,GT,Kolkata,Kolkata,GT,field,MI,normal,25,0,25,25
591,2017,2017-05-23,RPS,KTK,Chennai,Chennai,KTK,field,KTK,normal,35,0,35,35
592,2017,2017-05-26,CSK,RR,Kochi,Kochi,RR,field,CSK,normal,20,0,0,0
593,2017,2017-05-28,KTK,KKR,Bangalore,Bangalore,KTK,field,KTK,normal,0,0,0,0
594,2017,2017-05-31,RPS,DC,Hyderabad,Hyderabad,RPS,field,DC,normal,2,0,2,2
595,2017,2017-06-02,MI,KKR,Kochi,Kochi,MI,bat,KKR,normal,44,0,0,44
596,2017,2017-06-05,RPS,CSK,Hyderabad,Hyderabad,RPS,bat,RPS,normal,16,0,16,0
597,2017,2017-06-07,MI,SRH,Pune,Pune,MI,field,MI,normal,38,0,38,0
598,2017,2017-06-10,MI,KKR,Jaipur,Jaipur,MI,bat,KKR,normal,13,0,0,0
599,2017,2017-06-12,KKR,CSK,Pune,Pune,CSK,bat,KKR,normal,22,0,22,22
600,2017,2017-06-15,PBKS,GT,Bangalore,Bangalore,PBKS,bat,GT,normal,16,0,16,0
601,2017,2017-06-17,RR,RCB,Mumbai,Mumbai,RR,bat,RCB,normal,6,0,6,0
602,2017,2017-06-20,DC,RR,Hyderabad,Hyderabad,RR,field,DC,normal,0,0,0,0
603,2017,2017-06-22,GL,CSK,Pune,Pune,GL,field,GL,normal,0,0,0,0
604,2017,2017-06-25,KKR,KTK,Chennai,Chennai,KKR,field,KKR,normal,0,0,0,0
605,2017,2017-06-27,DC,CSK,Kolkata,Kolkata,DC,bat,DC,normal,16,0,16,16
606,2017,2017-06-30,RPS,PBKS,Delhi,Delhi,PBKS,bat,RPS,normal,9,0,0,9
607,2017,2017-07-02,GT,RCB,Bangalore,Bangalore,GT,bat,GT,normal,32,0,32,0
608,2017,2017-07-05,PBKS,RR,Kolkata,Kolkata,PBKS,bat,RR,normal,4,0,0,4
609,2017,2017-07-07,KKR,RR,Kolkata,Kolkata,KKR,field,KKR,normal,19,0,0,0
610,2017,2017-07-10,SRH,RCB,Jaipur,Jaipur,SRH,field,RCB,normal,0,0,0,0
611,2017,2017-07-12,RCB,CSK,Pune,Pune,CSK,field,RCB,normal,18,0,0,0
612,2017,2017-07-15,KKR,DC,Pune,Pune,KKR,bat,KKR,normal,41,0,0,0
613,2017,2017-07-17,KKR,GL,Hyderabad,Hyderabad,GL,bat,GL,normal,0,0,0,0
614,2017,2017-07-20,KKR,GL,Bangalore,Bangalore,GL,bat,KKR,normal,27,0,0,27
615,2017,2017-07-22,KTK,MI,Hyderabad,Hyderabad,KTK,field,MI,normal,0,0,0,0
616,2017,2017-07-25,DC,KKR,Kochi,Kochi,KKR,bat,DC,normal,0,0,0,0
617,2017,2017-07-27,KTK,GL,Mumbai,Mumbai,GL,bat,GL,normal,0,0,0,0
618,2017,2017-07-30,SRH,RPS,Mumbai,Mumbai,SRH,field,SRH,normal,0,0,0,0
619,2017,2017-08-01,GL,GT,Pune,Pune,GT,bat,GL,normal,0,0,0,0
620,2017,2017-08-04,PBKS,CSK,Chennai,Chennai,PBKS,field,CSK,normal,0,0,0,0
621,2017,2017-08-06,KTK,MI,Ahmedabad,Ahmedabad,KTK,field,KTK,normal,9,0,9,0
622,2017,2017-08-09,KTK,KKR,Kolkata,Kolkata,KKR,field,KKR,normal,0,0,0,0
623,2017,2017-08-11,SRH,KTK,Ahmedabad,Ahmedabad,KTK,field,SRH,normal,0,0,0,0
624,2017,2017-08-14,KTK,MI,Kolkata,Kolkata,KTK,field,MI,normal,3,0,3,3
625,2017,2017-08-16,RCB,DC,Chennai,Chennai,RCB,field,RCB,normal,32,0,0,0
626,2017,2017-08-19,RCB,SRH,Mohali,Mohali,RCB,bat,SRH,normal,1,0,0,0
627,2017,2017-08-21,GT,RPS,Mohali,Mohali,RPS,field,RPS,normal,0,0,0,0
628,2017,2017-08-24,GT,SRH,Hyderabad,Hyderabad,GT,field,SRH,normal,5,0,0,5
629,2017,2017-08-26,DC,CSK,Bangalore,Bangalore,DC,field,CSK,normal,19,0,0,19
630,2017,2017-08-29,KTK,RPS,Bangalore,Bangalore,RPS,bat,KTK,normal,16,0,0,16
